top,left,qtr,time_remaining,result,shot_type,distance_ft,lead,lebron_team_score,opponent_team_score,opponent,team,season,color
63,300,1st Qtr,7:27,False,2,6,True,9,6,LAL,GSW,2023,red
133,389,1st Qtr,7:22,True,2,17,True,11,6,LAL,GSW,2023,green
326,247,1st Qtr,7:11,False,3,27,True,11,6,LAL,GSW,2023,red
249,89,1st Qtr,5:16,False,3,25,True,19,13,LAL,GSW,2023,red
282,158,1st Qtr,3:52,False,3,24,True,22,17,LAL,GSW,2023,red
200,142,1st Qtr,2:58,False,2,18,False,22,22,LAL,GSW,2023,red
41,217,2nd Qtr,6:11,False,2,3,True,39,33,LAL,GSW,2023,red
59,232,2nd Qtr,5:15,True,2,1,True,43,33,LAL,GSW,2023,green
53,252,2nd Qtr,4:30,True,2,1,True,46,37,LAL,GSW,2023,green
54,233,2nd Qtr,4:03,True,2,1,True,48,37,LAL,GSW,2023,green
103,464,2nd Qtr,2:48,False,3,23,True,51,39,LAL,GSW,2023,red
63,261,2nd Qtr,0:32,True,2,2,True,59,48,LAL,GSW,2023,green
118,471,3rd Qtr,5:27,True,3,24,True,84,64,LAL,GSW,2023,green
312,338,3rd Qtr,4:51,True,3,28,True,87,64,LAL,GSW,2023,green
367,192,3rd Qtr,3:47,False,3,32,True,89,64,LAL,GSW,2023,red
242,52,3rd Qtr,3:42,False,3,27,True,89,64,LAL,GSW,2023,red
264,111,4th Qtr,6:23,False,3,25,True,100,83,LAL,GSW,2023,red
151,10,4th Qtr,4:01,True,3,25,True,109,93,LAL,GSW,2023,green
59,233,4th Qtr,3:33,True,2,1,True,111,96,LAL,GSW,2023,green
304,268,4th Qtr,3:15,True,3,25,True,114,98,LAL,GSW,2023,green
248,398,4th Qtr,2:46,False,3,25,True,115,100,LAL,GSW,2023,red
274,96,1st Qtr,9:14,True,3,26,False,8,10,DEN,GSW,2023,green
75,284,1st Qtr,6:55,True,2,5,True,18,16,DEN,GSW,2023,green
283,408,1st Qtr,6:39,False,3,29,False,18,18,DEN,GSW,2023,red
312,233,1st Qtr,4:12,False,3,26,False,23,24,DEN,GSW,2023,red
257,391,2nd Qtr,5:59,False,3,25,False,41,55,DEN,GSW,2023,red
313,340,2nd Qtr,3:54,False,3,28,False,46,58,DEN,GSW,2023,red
84,289,2nd Qtr,2:17,True,2,6,False,48,64,DEN,GSW,2023,green
71,205,2nd Qtr,1:44,True,2,4,False,50,66,DEN,GSW,2023,green
147,270,3rd Qtr,9:46,False,2,10,False,57,75,DEN,GSW,2023,red
151,253,3rd Qtr,9:43,False,2,10,False,57,75,DEN,GSW,2023,red
268,95,3rd Qtr,9:21,False,3,26,False,57,77,DEN,GSW,2023,red
90,272,3rd Qtr,4:36,True,2,5,False,79,86,DEN,GSW,2023,green
143,322,3rd Qtr,2:42,False,2,12,False,81,91,DEN,GSW,2023,red
309,332,3rd Qtr,2:17,True,3,27,False,84,93,DEN,GSW,2023,green
72,323,4th Qtr,5:29,True,2,9,False,103,111,DEN,GSW,2023,green
88,283,4th Qtr,4:52,False,2,6,False,103,111,DEN,GSW,2023,red
54,12,4th Qtr,4:04,False,3,23,False,105,114,DEN,GSW,2023,red
253,68,4th Qtr,3:34,True,3,26,False,108,114,DEN,GSW,2023,green
225,47,4th Qtr,2:38,True,3,26,False,111,116,DEN,GSW,2023,green
92,202,4th Qtr,1:52,False,2,5,False,111,116,DEN,GSW,2023,red
384,344,4th Qtr,1:11,True,3,35,False,114,121,DEN,GSW,2023,green
188,397,4th Qtr,0:39,False,2,21,False,116,123,DEN,GSW,2023,red
213,38,1st Qtr,9:06,False,3,26,True,10,2,SAC,GSW,2023,red
80,226,1st Qtr,7:29,False,2,3,True,12,8,SAC,GSW,2023,red
233,37,1st Qtr,7:10,True,3,27,True,15,10,SAC,GSW,2023,green
213,187,1st Qtr,5:47,True,2,17,True,19,17,SAC,GSW,2023,green
82,276,1st Qtr,3:57,True,2,5,True,25,23,SAC,GSW,2023,green
169,374,2nd Qtr,7:15,True,2,18,True,58,54,SAC,GSW,2023,green
298,130,2nd Qtr,6:47,True,3,27,True,61,57,SAC,GSW,2023,green
314,330,2nd Qtr,6:22,True,3,28,True,64,57,SAC,GSW,2023,green
258,54,2nd Qtr,3:53,True,3,28,True,74,61,SAC,GSW,2023,green
185,15,2nd Qtr,2:50,True,3,26,True,79,63,SAC,GSW,2023,green
147,7,2nd Qtr,1:28,True,3,25,True,86,65,SAC,GSW,2023,green
59,4,2nd Qtr,0:44,False,3,24,True,89,69,SAC,GSW,2023,red
93,324,2nd Qtr,0:13,False,2,9,True,89,71,SAC,GSW,2023,red
218,38,3rd Qtr,10:48,True,3,26,True,92,75,SAC,GSW,2023,green
304,142,3rd Qtr,9:57,False,3,27,True,92,75,SAC,GSW,2023,red
208,374,3rd Qtr,9:16,True,2,21,True,94,75,SAC,GSW,2023,green
74,165,3rd Qtr,7:12,False,2,8,True,98,81,SAC,GSW,2023,red
285,436,3rd Qtr,3:03,False,3,30,True,109,85,SAC,GSW,2023,red
310,133,4th Qtr,4:42,False,3,28,True,125,113,SAC,GSW,2023,red
93,215,4th Qtr,2:33,False,2,5,True,126,118,SAC,GSW,2023,red
233,295,4th Qtr,1:36,False,2,19,True,126,120,SAC,GSW,2023,red
84,291,4th Qtr,1:10,False,2,6,True,126,120,SAC,GSW,2023,red
149,118,1st Qtr,9:52,True,2,16,True,7,4,PHO,GSW,2023,green
223,193,1st Qtr,5:57,False,2,18,False,12,17,PHO,GSW,2023,red
149,332,1st Qtr,4:09,False,2,13,False,16,23,PHO,GSW,2023,red
287,368,2nd Qtr,5:52,True,3,27,False,46,50,PHO,GSW,2023,green
279,377,2nd Qtr,2:29,False,3,26,False,55,60,PHO,GSW,2023,red
218,439,2nd Qtr,2:25,True,3,26,False,58,60,PHO,GSW,2023,green
308,166,2nd Qtr,1:20,True,3,27,False,63,65,PHO,GSW,2023,green
238,177,3rd Qtr,11:34,False,2,20,False,66,72,PHO,GSW,2023,red
61,237,3rd Qtr,8:57,True,2,1,False,74,79,PHO,GSW,2023,green
282,388,3rd Qtr,5:35,False,3,27,False,77,90,PHO,GSW,2023,red
97,219,4th Qtr,8:10,False,2,5,False,92,109,PHO,GSW,2023,red
248,448,4th Qtr,7:34,True,3,29,False,97,109,PHO,GSW,2023,green
333,318,4th Qtr,6:00,False,3,29,False,99,113,PHO,GSW,2023,red
66,245,4th Qtr,5:37,True,2,1,False,101,115,PHO,GSW,2023,green
171,244,4th Qtr,4:07,False,2,12,False,101,120,PHO,GSW,2023,red
259,453,4th Qtr,3:58,False,3,30,False,101,120,PHO,GSW,2023,red
367,239,4th Qtr,3:38,False,3,31,False,101,120,PHO,GSW,2023,red
53,240,1st Qtr,9:30,True,2,0,True,10,4,MIA,GSW,2023,green
69,283,1st Qtr,7:46,True,2,5,True,14,11,MIA,GSW,2023,green
333,135,1st Qtr,6:03,True,3,30,True,21,16,MIA,GSW,2023,green
325,232,1st Qtr,2:14,False,3,27,True,25,23,MIA,GSW,2023,red
333,328,2nd Qtr,7:35,False,3,29,False,41,41,MIA,GSW,2023,red
294,331,2nd Qtr,5:27,True,3,26,True,51,45,MIA,GSW,2023,green
80,284,2nd Qtr,2:46,True,2,5,True,59,50,MIA,GSW,2023,green
51,474,2nd Qtr,1:50,False,3,23,True,61,50,MIA,GSW,2023,red
218,449,3rd Qtr,11:48,False,3,27,True,63,59,MIA,GSW,2023,red
257,66,3rd Qtr,8:29,True,3,27,True,74,70,MIA,GSW,2023,green
338,343,3rd Qtr,5:18,True,3,30,False,77,77,MIA,GSW,2023,green
90,282,3rd Qtr,4:42,True,2,6,True,79,77,MIA,GSW,2023,green
388,231,3rd Qtr,4:20,False,3,34,True,79,77,MIA,GSW,2023,red
146,288,3rd Qtr,2:26,False,2,11,True,81,80,MIA,GSW,2023,red
126,15,3rd Qtr,1:39,True,3,24,True,88,82,MIA,GSW,2023,green
362,335,3rd Qtr,1:11,False,3,32,True,88,84,MIA,GSW,2023,red
279,126,4th Qtr,5:32,True,3,25,True,108,100,MIA,GSW,2023,green
116,267,4th Qtr,3:36,False,2,7,True,111,105,MIA,GSW,2023,red
97,309,4th Qtr,3:15,True,2,8,True,113,105,MIA,GSW,2023,green
30,17,4th Qtr,2:46,False,3,22,True,113,105,MIA,GSW,2023,red
313,248,4th Qtr,2:40,True,3,26,True,116,105,MIA,GSW,2023,green
236,204,4th Qtr,2:04,True,2,19,True,118,107,MIA,GSW,2023,green
297,177,1st Qtr,10:35,False,3,25,False,2,7,CHO,GSW,2023,red
344,286,1st Qtr,8:32,False,3,30,False,7,14,CHO,GSW,2023,red
66,227,1st Qtr,7:54,True,2,2,False,9,14,CHO,GSW,2023,green
277,202,1st Qtr,6:43,True,2,23,False,13,16,CHO,GSW,2023,green
62,244,1st Qtr,5:05,True,2,1,False,15,20,CHO,GSW,2023,green
80,202,1st Qtr,3:25,True,2,5,False,17,23,CHO,GSW,2023,green
285,343,1st Qtr,3:02,False,3,25,False,17,23,CHO,GSW,2023,red
310,140,2nd Qtr,5:27,False,3,28,False,40,45,CHO,GSW,2023,red
333,197,3rd Qtr,10:33,False,3,28,False,50,63,CHO,GSW,2023,red
328,208,3rd Qtr,6:53,True,3,28,False,60,67,CHO,GSW,2023,green
184,257,3rd Qtr,5:10,False,2,13,False,64,72,CHO,GSW,2023,red
212,34,3rd Qtr,4:48,True,3,26,False,67,72,CHO,GSW,2023,green
72,248,3rd Qtr,4:02,True,2,2,False,71,75,CHO,GSW,2023,green
59,258,3rd Qtr,3:21,True,2,2,False,74,78,CHO,GSW,2023,green
317,259,3rd Qtr,2:14,False,3,26,False,77,78,CHO,GSW,2023,red
331,294,4th Qtr,4:01,False,3,28,False,95,100,CHO,GSW,2023,red
328,184,4th Qtr,3:47,True,3,28,False,98,100,CHO,GSW,2023,green
190,232,4th Qtr,3:15,False,2,14,False,98,100,CHO,GSW,2023,red
74,245,4th Qtr,2:27,True,2,2,True,103,101,CHO,GSW,2023,green
248,414,4th Qtr,0:33,False,3,26,True,107,105,CHO,GSW,2023,red
289,111,4th Qtr,0:00,False,3,27,False,107,107,CHO,GSW,2023,red
366,358,1st OT,0:16,False,3,33,False,113,120,CHO,GSW,2023,red
342,384,1st Qtr,10:49,False,3,32,True,4,3,DET,GSW,2023,red
158,140,1st Qtr,7:26,True,2,15,True,16,9,DET,GSW,2023,green
318,249,1st Qtr,7:03,False,3,27,True,16,11,DET,GSW,2023,red
158,271,1st Qtr,5:49,False,2,11,True,19,13,DET,GSW,2023,red
319,242,1st Qtr,4:44,True,3,27,True,22,17,DET,GSW,2023,green
207,363,2nd Qtr,5:29,True,2,20,False,43,44,DET,GSW,2023,green
339,124,2nd Qtr,4:44,True,3,31,False,46,46,DET,GSW,2023,green
296,103,2nd Qtr,4:11,False,3,28,False,46,48,DET,GSW,2023,red
187,466,2nd Qtr,2:23,False,3,26,False,48,56,DET,GSW,2023,red
225,453,2nd Qtr,0:22,True,3,27,False,55,60,DET,GSW,2023,green
57,212,3rd Qtr,11:18,False,2,3,False,55,65,DET,GSW,2023,red
337,342,3rd Qtr,9:22,False,3,30,False,57,74,DET,GSW,2023,red
145,295,3rd Qtr,6:35,False,2,11,False,72,79,DET,GSW,2023,red
80,248,3rd Qtr,6:03,False,2,3,False,72,81,DET,GSW,2023,red
53,218,3rd Qtr,2:46,True,2,2,False,85,91,DET,GSW,2023,green
124,181,4th Qtr,8:13,True,2,9,False,97,105,DET,GSW,2023,green
57,254,4th Qtr,7:40,True,2,1,False,99,108,DET,GSW,2023,green
259,418,4th Qtr,6:28,False,3,27,False,99,110,DET,GSW,2023,red
86,59,4th Qtr,4:57,True,2,18,False,106,114,DET,GSW,2023,green
285,403,4th Qtr,3:32,True,3,28,False,109,120,DET,GSW,2023,green
213,19,4th Qtr,2:37,False,3,27,False,112,120,DET,GSW,2023,red
352,102,4th Qtr,1:55,False,3,33,False,112,124,DET,GSW,2023,red
342,306,4th Qtr,0:57,False,3,30,False,114,126,DET,GSW,2023,red
115,465,1st Qtr,10:01,True,3,23,True,6,3,MIA,GSW,2023,green
58,255,1st Qtr,9:38,True,2,2,True,8,3,MIA,GSW,2023,green
292,338,1st Qtr,4:44,True,3,26,True,19,11,MIA,GSW,2023,green
295,69,2nd Qtr,5:03,False,3,30,False,43,44,MIA,GSW,2023,red
153,458,2nd Qtr,4:47,False,3,24,False,43,44,MIA,GSW,2023,red
269,77,2nd Qtr,2:08,False,3,27,False,47,52,MIA,GSW,2023,red
113,150,3rd Qtr,10:54,True,2,11,False,61,61,MIA,GSW,2023,green
326,270,3rd Qtr,10:30,False,3,28,False,61,61,MIA,GSW,2023,red
289,426,3rd Qtr,7:08,True,3,30,True,77,70,MIA,GSW,2023,green
115,227,4th Qtr,6:22,False,2,6,False,100,102,MIA,GSW,2023,red
70,238,4th Qtr,6:20,True,2,2,False,102,102,MIA,GSW,2023,green
309,131,4th Qtr,5:03,True,3,28,True,107,104,MIA,GSW,2023,green
344,353,4th Qtr,3:43,False,3,31,False,107,107,MIA,GSW,2023,red
241,421,4th Qtr,1:39,False,3,26,False,109,112,MIA,GSW,2023,red
62,9,1st Qtr,10:37,False,3,23,False,2,3,ORL,GSW,2023,red
304,297,1st Qtr,8:39,False,3,26,True,7,6,ORL,GSW,2023,red
273,393,1st Qtr,5:48,True,3,27,True,23,12,ORL,GSW,2023,green
69,216,1st Qtr,5:19,False,2,3,True,23,15,ORL,GSW,2023,red
310,164,1st Qtr,2:10,False,3,27,False,25,27,ORL,GSW,2023,red
258,406,2nd Qtr,5:44,True,3,26,True,50,40,ORL,GSW,2023,green
68,255,2nd Qtr,4:00,True,2,2,True,54,44,ORL,GSW,2023,green
258,408,2nd Qtr,1:31,True,3,27,True,60,50,ORL,GSW,2023,green
302,143,2nd Qtr,1:10,True,3,27,True,63,51,ORL,GSW,2023,green
74,150,3rd Qtr,7:30,True,2,9,True,80,66,ORL,GSW,2023,green
89,470,3rd Qtr,6:28,True,3,23,True,84,70,ORL,GSW,2023,green
39,217,3rd Qtr,5:04,False,2,3,True,84,74,ORL,GSW,2023,red
305,238,3rd Qtr,4:20,True,3,25,True,90,75,ORL,GSW,2023,green
287,334,3rd Qtr,3:04,False,3,25,True,90,81,ORL,GSW,2023,red
64,-1,3rd Qtr,2:29,True,3,24,True,93,83,ORL,GSW,2023,green
308,265,3rd Qtr,1:25,False,3,26,True,93,85,ORL,GSW,2023,red
51,220,3rd Qtr,0:31,True,2,2,True,98,94,ORL,GSW,2023,green
299,209,4th Qtr,7:38,False,3,25,False,104,110,ORL,GSW,2023,red
221,240,4th Qtr,3:00,True,2,17,True,118,117,ORL,GSW,2023,green
257,269,4th Qtr,1:55,True,2,21,True,120,119,ORL,GSW,2023,green
283,390,4th Qtr,0:59,True,3,27,False,126,126,ORL,GSW,2023,green
323,268,1st Qtr,11:25,True,3,27,True,3,1,SAC,GSW,2023,green
73,211,1st Qtr,10:04,True,2,4,True,7,1,SAC,GSW,2023,green
231,155,1st Qtr,8:59,True,2,20,True,11,6,SAC,GSW,2023,green
90,213,1st Qtr,5:53,True,2,5,True,19,12,SAC,GSW,2023,green
281,92,1st Qtr,3:50,True,3,27,True,27,15,SAC,GSW,2023,green
326,143,2nd Qtr,6:20,True,3,29,False,40,48,SAC,GSW,2023,green
249,54,2nd Qtr,5:06,True,3,27,False,45,50,SAC,GSW,2023,green
208,114,2nd Qtr,4:11,False,2,20,False,47,53,SAC,GSW,2023,red
92,197,2nd Qtr,1:35,True,2,6,False,55,61,SAC,GSW,2023,green
298,81,2nd Qtr,0:16,False,3,29,False,55,67,SAC,GSW,2023,red
299,428,3rd Qtr,9:27,False,3,31,False,62,67,SAC,GSW,2023,red
67,296,3rd Qtr,8:59,True,2,6,False,64,69,SAC,GSW,2023,green
262,389,3rd Qtr,6:55,True,3,26,False,71,72,SAC,GSW,2023,green
85,194,3rd Qtr,5:57,True,2,6,False,73,76,SAC,GSW,2023,green
313,215,3rd Qtr,4:55,False,3,26,False,74,80,SAC,GSW,2023,red
259,92,3rd Qtr,4:14,False,3,25,False,74,80,SAC,GSW,2023,red
113,155,4th Qtr,8:36,True,2,10,False,86,95,SAC,GSW,2023,green
88,209,4th Qtr,6:34,False,2,5,False,90,97,SAC,GSW,2023,red
228,453,4th Qtr,5:07,True,3,28,False,97,100,SAC,GSW,2023,green
313,254,4th Qtr,4:33,False,3,26,False,97,100,SAC,GSW,2023,red
70,205,4th Qtr,4:02,True,2,4,False,99,102,SAC,GSW,2023,green
84,186,4th Qtr,1:53,True,2,6,False,107,107,SAC,GSW,2023,green
325,303,4th Qtr,1:24,True,3,28,True,110,107,SAC,GSW,2023,green
149,268,4th Qtr,0:54,True,2,10,True,112,109,SAC,GSW,2023,green
238,69,1st Qtr,11:02,True,3,25,True,6,2,CLE,GSW,2023,green
278,82,1st Qtr,8:14,False,3,28,False,8,9,CLE,GSW,2023,red
57,249,1st Qtr,7:46,True,2,1,False,10,12,CLE,GSW,2023,green
89,238,1st Qtr,6:06,True,2,4,False,14,14,CLE,GSW,2023,green
61,227,1st Qtr,5:11,True,2,2,True,19,16,CLE,GSW,2023,green
323,243,1st Qtr,2:13,False,3,27,True,21,20,CLE,GSW,2023,red
56,253,2nd Qtr,7:07,True,2,1,False,34,38,CLE,GSW,2023,green
298,155,2nd Qtr,5:26,False,3,26,False,36,38,CLE,GSW,2023,red
68,145,2nd Qtr,5:15,True,2,10,False,38,38,CLE,GSW,2023,green
206,147,3rd Qtr,11:36,False,2,18,False,48,52,CLE,GSW,2023,red
75,237,3rd Qtr,8:13,False,2,2,False,55,57,CLE,GSW,2023,red
72,238,3rd Qtr,5:25,True,2,2,False,57,66,CLE,GSW,2023,green
149,338,3rd Qtr,5:01,True,2,14,False,59,66,CLE,GSW,2023,green
323,252,3rd Qtr,4:00,False,3,27,False,62,68,CLE,GSW,2023,red
64,473,3rd Qtr,2:03,True,3,23,False,65,72,CLE,GSW,2023,green
303,236,3rd Qtr,1:32,True,3,25,False,68,74,CLE,GSW,2023,green
61,244,4th Qtr,5:05,True,2,1,False,87,89,CLE,GSW,2023,green
263,107,4th Qtr,4:27,True,3,25,False,90,95,CLE,GSW,2023,green
157,465,4th Qtr,3:16,False,3,25,False,92,96,CLE,GSW,2023,red
78,236,4th Qtr,2:26,False,2,3,False,95,98,CLE,GSW,2023,red
184,10,4th Qtr,1:18,True,3,27,False,98,98,CLE,GSW,2023,green
58,248,4th Qtr,0:54,True,2,1,True,100,98,CLE,GSW,2023,green
302,293,4th Qtr,0:35,True,3,25,True,103,99,CLE,GSW,2023,green
66,208,1st Qtr,8:52,True,2,3,True,11,8,SAC,GSW,2023,green
61,221,1st Qtr,8:30,True,2,2,True,13,8,SAC,GSW,2023,green
264,369,1st Qtr,7:12,False,3,25,True,15,14,SAC,GSW,2023,red
54,257,1st Qtr,6:51,True,2,2,True,17,14,SAC,GSW,2023,green
231,179,1st Qtr,4:48,True,2,19,True,22,16,SAC,GSW,2023,green
59,266,1st Qtr,2:59,True,2,3,True,29,21,SAC,GSW,2023,green
226,315,2nd Qtr,6:24,False,2,19,False,46,47,SAC,GSW,2023,red
164,16,2nd Qtr,3:26,False,3,25,False,52,56,SAC,GSW,2023,red
284,125,2nd Qtr,2:15,False,3,26,False,58,60,SAC,GSW,2023,red
272,123,3rd Qtr,10:49,True,3,25,True,65,64,SAC,GSW,2023,green
59,221,3rd Qtr,3:35,True,2,2,False,85,87,SAC,GSW,2023,green
169,463,4th Qtr,8:46,True,3,25,False,101,107,SAC,GSW,2023,green
316,178,4th Qtr,7:59,False,3,27,False,101,107,SAC,GSW,2023,red
262,413,4th Qtr,6:09,True,3,27,False,108,109,SAC,GSW,2023,green
179,61,4th Qtr,4:34,False,2,22,True,111,110,SAC,GSW,2023,red
68,462,4th Qtr,4:19,False,3,22,True,111,110,SAC,GSW,2023,red
303,293,4th Qtr,3:40,False,3,26,True,113,112,SAC,GSW,2023,red
67,473,1st Qtr,11:26,True,3,23,True,3,2,SAS,GSW,2023,green
304,101,1st Qtr,10:58,False,3,29,True,3,2,SAS,GSW,2023,red
178,15,1st Qtr,5:39,False,3,26,True,17,13,SAS,GSW,2023,red
111,308,1st Qtr,3:40,False,2,9,False,19,20,SAS,GSW,2023,red
192,448,2nd Qtr,5:36,False,3,25,True,48,37,SAS,GSW,2023,red
58,226,2nd Qtr,4:34,True,2,2,True,53,37,SAS,GSW,2023,green
66,252,2nd Qtr,0:56,True,2,2,True,58,45,SAS,GSW,2023,green
336,353,2nd Qtr,0:30,True,3,31,True,61,45,SAS,GSW,2023,green
298,219,3rd Qtr,10:56,True,3,25,True,66,45,SAS,GSW,2023,green
225,425,3rd Qtr,6:37,False,3,25,True,81,56,SAS,GSW,2023,red
73,300,3rd Qtr,5:27,False,2,6,True,81,56,SAS,GSW,2023,red
200,32,1st Qtr,10:56,True,3,25,True,5,0,PHO,GSW,2023,green
54,231,1st Qtr,9:47,True,2,1,True,9,4,PHO,GSW,2023,green
54,235,1st Qtr,3:34,True,2,1,False,20,26,PHO,GSW,2023,green
295,295,1st Qtr,3:20,True,3,25,False,23,26,PHO,GSW,2023,green
61,233,1st Qtr,1:22,True,2,1,False,28,33,PHO,GSW,2023,green
131,217,1st Qtr,0:50,False,2,8,False,29,36,PHO,GSW,2023,red
51,225,1st Qtr,0:23,True,2,2,False,33,36,PHO,GSW,2023,green
53,465,2nd Qtr,6:06,True,3,23,False,47,50,PHO,GSW,2023,green
59,233,2nd Qtr,4:26,True,2,1,False,51,54,PHO,GSW,2023,green
290,413,2nd Qtr,3:55,True,3,29,False,54,57,PHO,GSW,2023,green
305,377,2nd Qtr,3:36,False,3,29,False,54,60,PHO,GSW,2023,red
52,228,2nd Qtr,2:48,True,2,1,False,56,63,PHO,GSW,2023,green
154,390,2nd Qtr,2:26,False,2,18,False,57,65,PHO,GSW,2023,red
312,229,3rd Qtr,8:45,True,3,26,False,71,80,PHO,GSW,2023,green
83,249,3rd Qtr,8:24,False,2,3,False,71,80,PHO,GSW,2023,red
68,239,3rd Qtr,6:29,False,2,2,False,76,85,PHO,GSW,2023,red
74,248,3rd Qtr,4:51,False,2,2,False,81,90,PHO,GSW,2023,red
154,265,3rd Qtr,2:42,True,2,10,False,85,93,PHO,GSW,2023,green
77,221,3rd Qtr,2:07,False,2,3,False,85,96,PHO,GSW,2023,red
208,323,3rd Qtr,0:17,True,2,18,False,88,101,PHO,GSW,2023,green
361,288,4th Qtr,7:18,False,3,31,False,97,111,PHO,GSW,2023,red
64,250,4th Qtr,6:20,True,2,2,False,101,117,PHO,GSW,2023,green
63,348,4th Qtr,5:53,True,2,11,False,103,117,PHO,GSW,2023,green
297,386,4th Qtr,5:10,True,3,28,False,106,120,PHO,GSW,2023,green
253,434,4th Qtr,4:39,False,3,28,False,106,120,PHO,GSW,2023,red
80,257,4th Qtr,3:37,False,2,3,False,109,123,PHO,GSW,2023,red
312,348,4th Qtr,2:31,True,3,28,False,112,125,PHO,GSW,2023,green
379,174,4th Qtr,1:59,False,3,33,False,112,125,PHO,GSW,2023,red
264,396,1st Qtr,11:44,False,3,26,False,0,0,NYK,GSW,2023,red
84,206,1st Qtr,7:08,False,2,5,True,16,8,NYK,GSW,2023,red
307,288,1st Qtr,6:34,True,3,26,True,19,8,NYK,GSW,2023,green
140,132,1st Qtr,5:47,False,2,14,True,19,10,NYK,GSW,2023,red
43,5,1st Qtr,5:44,True,3,24,True,22,10,NYK,GSW,2023,green
340,281,2nd Qtr,3:00,False,3,29,True,56,36,NYK,GSW,2023,red
93,217,2nd Qtr,2:03,True,2,5,True,60,39,NYK,GSW,2023,green
294,76,2nd Qtr,0:51,False,3,29,True,60,45,NYK,GSW,2023,red
178,12,3rd Qtr,11:02,True,3,26,True,64,50,NYK,GSW,2023,green
273,112,3rd Qtr,9:09,False,3,26,True,64,52,NYK,GSW,2023,red
133,133,3rd Qtr,7:01,True,2,13,True,69,56,NYK,GSW,2023,green
166,14,3rd Qtr,5:28,False,3,25,True,72,58,NYK,GSW,2023,red
88,212,3rd Qtr,4:50,True,2,5,True,74,58,NYK,GSW,2023,green
321,373,3rd Qtr,3:39,True,3,30,True,81,61,NYK,GSW,2023,green
323,300,3rd Qtr,0:03,False,3,28,True,87,74,NYK,GSW,2023,red
82,285,4th Qtr,5:34,True,2,5,True,100,90,NYK,GSW,2023,green
236,69,4th Qtr,5:09,False,3,25,True,100,90,NYK,GSW,2023,red
218,465,4th Qtr,2:58,True,3,28,True,109,93,NYK,GSW,2023,green
243,418,1st Qtr,9:37,False,3,26,True,6,0,HOU,GSW,2023,red
57,147,1st Qtr,8:30,False,2,9,True,11,0,HOU,GSW,2023,red
295,103,2nd Qtr,5:30,False,3,28,False,44,48,HOU,GSW,2023,red
236,52,2nd Qtr,5:24,False,3,26,False,44,48,HOU,GSW,2023,red
36,7,2nd Qtr,5:05,True,3,23,False,47,48,HOU,GSW,2023,green
333,309,2nd Qtr,1:44,True,3,29,False,56,61,HOU,GSW,2023,green
336,459,2nd Qtr,0:29,False,3,36,False,61,63,HOU,GSW,2023,red
167,472,3rd Qtr,11:39,True,3,26,False,64,65,HOU,GSW,2023,green
323,248,3rd Qtr,10:39,False,3,27,False,65,67,HOU,GSW,2023,red
252,270,3rd Qtr,8:49,False,2,20,False,71,76,HOU,GSW,2023,red
69,197,3rd Qtr,6:20,True,2,5,False,78,83,HOU,GSW,2023,green
314,309,3rd Qtr,5:56,True,3,27,False,81,83,HOU,GSW,2023,green
80,286,3rd Qtr,3:20,True,2,5,False,84,85,HOU,GSW,2023,green
287,112,3rd Qtr,2:55,True,3,27,True,87,85,HOU,GSW,2023,green
187,21,3rd Qtr,1:55,False,3,26,False,89,89,HOU,GSW,2023,red
87,282,3rd Qtr,0:24,True,2,5,False,94,94,HOU,GSW,2023,green
272,393,4th Qtr,5:57,True,3,27,True,110,108,HOU,GSW,2023,green
305,122,4th Qtr,4:31,False,3,28,True,113,108,HOU,GSW,2023,red
181,350,4th Qtr,1:55,True,2,17,True,120,115,HOU,GSW,2023,green
313,351,4th Qtr,0:34,True,3,28,True,126,117,HOU,GSW,2023,green
325,293,1st Qtr,11:08,False,3,28,True,2,0,LAC,GSW,2023,red
83,301,1st Qtr,10:16,True,2,7,True,4,3,LAC,GSW,2023,green
84,290,1st Qtr,7:56,True,2,6,True,11,10,LAC,GSW,2023,green
272,98,1st Qtr,6:16,False,3,26,False,13,14,LAC,GSW,2023,red
309,346,1st Qtr,3:23,True,3,28,True,26,22,LAC,GSW,2023,green
77,283,1st Qtr,2:12,False,2,5,True,30,22,LAC,GSW,2023,red
233,329,1st Qtr,1:45,False,2,20,True,30,25,LAC,GSW,2023,red
82,278,1st Qtr,0:14,False,2,5,True,32,29,LAC,GSW,2023,red
79,207,2nd Qtr,2:28,True,2,4,True,59,45,LAC,GSW,2023,green
225,53,2nd Qtr,0:33,False,3,25,True,64,46,LAC,GSW,2023,red
93,252,2nd Qtr,0:14,True,2,4,True,66,46,LAC,GSW,2023,green
151,153,3rd Qtr,8:01,True,2,13,True,76,61,LAC,GSW,2023,green
277,372,3rd Qtr,7:34,False,3,26,True,76,63,LAC,GSW,2023,red
212,240,3rd Qtr,4:57,False,2,16,True,84,69,LAC,GSW,2023,red
58,7,3rd Qtr,2:26,True,3,23,True,90,78,LAC,GSW,2023,green
320,286,3rd Qtr,1:56,True,3,27,True,93,78,LAC,GSW,2023,green
80,283,3rd Qtr,0:36,False,2,5,True,96,82,LAC,GSW,2023,red
66,7,3rd Qtr,0:18,False,3,23,True,98,82,LAC,GSW,2023,red
315,297,4th Qtr,6:43,False,3,27,True,111,90,LAC,GSW,2023,red
302,322,4th Qtr,5:47,True,3,26,True,119,90,LAC,GSW,2023,green
211,467,1st Qtr,11:18,False,3,28,False,0,0,UTA,GSW,2023,red
105,262,1st Qtr,10:33,True,2,6,True,5,0,UTA,GSW,2023,green
288,371,1st Qtr,8:40,True,3,27,True,10,7,UTA,GSW,2023,green
173,264,1st Qtr,7:14,True,2,12,True,18,11,UTA,GSW,2023,green
252,84,1st Qtr,5:47,True,3,25,True,25,14,UTA,GSW,2023,green
223,46,1st Qtr,5:26,False,3,26,True,25,14,UTA,GSW,2023,red
74,283,1st Qtr,5:03,True,2,5,True,27,14,UTA,GSW,2023,green
187,378,1st Qtr,2:37,False,2,19,True,31,18,UTA,GSW,2023,red
68,210,1st Qtr,2:07,True,2,3,True,33,18,UTA,GSW,2023,green
262,84,2nd Qtr,5:29,False,3,26,True,45,41,UTA,GSW,2023,red
120,279,2nd Qtr,4:38,True,2,8,True,50,41,UTA,GSW,2023,green
204,274,2nd Qtr,3:43,False,2,16,True,50,43,UTA,GSW,2023,red
325,249,3rd Qtr,9:27,True,3,27,True,68,61,UTA,GSW,2023,green
253,396,4th Qtr,7:40,True,3,25,True,110,98,UTA,GSW,2023,green
288,95,4th Qtr,7:21,True,3,28,True,113,98,UTA,GSW,2023,green
348,293,4th Qtr,6:49,False,3,30,True,113,100,UTA,GSW,2023,red
113,237,4th Qtr,5:11,True,2,6,True,121,102,UTA,GSW,2023,green
310,132,4th Qtr,3:02,False,3,28,True,121,109,UTA,GSW,2023,red
318,352,4th Qtr,2:32,True,3,29,True,124,111,UTA,GSW,2023,green
87,294,4th Qtr,2:05,False,2,6,True,124,113,UTA,GSW,2023,red
77,202,4th Qtr,1:42,True,2,4,True,126,113,UTA,GSW,2023,green
121,463,1st Qtr,9:20,False,3,23,True,8,4,MIN,GSW,2023,red
195,308,1st Qtr,7:42,True,2,16,True,14,13,MIN,GSW,2023,green
258,101,1st Qtr,7:20,True,3,25,True,18,15,MIN,GSW,2023,green
133,234,1st Qtr,5:35,True,2,8,True,28,17,MIN,GSW,2023,green
321,282,1st Qtr,3:55,True,3,27,True,37,17,MIN,GSW,2023,green
317,313,1st Qtr,3:05,False,3,27,True,40,20,MIN,GSW,2023,red
318,248,2nd Qtr,2:04,False,3,27,True,72,50,MIN,GSW,2023,red
258,97,2nd Qtr,1:38,False,3,25,True,72,50,MIN,GSW,2023,red
64,233,2nd Qtr,0:43,False,2,1,True,74,52,MIN,GSW,2023,red
277,407,3rd Qtr,6:05,True,3,28,True,93,69,MIN,GSW,2023,green
77,244,3rd Qtr,2:57,True,2,2,True,104,80,MIN,GSW,2023,green
163,102,4th Qtr,6:49,False,2,18,True,118,103,MIN,GSW,2023,red
166,307,4th Qtr,6:17,False,2,13,True,118,103,MIN,GSW,2023,red
366,322,4th Qtr,5:45,False,3,32,True,118,105,MIN,GSW,2023,red
311,340,4th Qtr,5:05,True,3,28,True,121,108,MIN,GSW,2023,green
289,363,4th Qtr,4:28,False,3,27,True,121,108,MIN,GSW,2023,red
318,363,1st Qtr,11:36,False,3,29,False,0,0,DAL,GSW,2023,red
218,432,1st Qtr,8:33,False,3,25,False,2,6,DAL,GSW,2023,red
182,139,1st Qtr,6:26,False,2,16,False,4,15,DAL,GSW,2023,red
266,383,1st Qtr,5:22,False,3,26,False,6,15,DAL,GSW,2023,red
273,79,1st Qtr,2:42,True,3,27,False,14,25,DAL,GSW,2023,green
174,183,1st Qtr,1:22,True,2,13,False,16,31,DAL,GSW,2023,green
82,272,1st Qtr,0:52,True,2,4,False,19,34,DAL,GSW,2023,green
59,256,2nd Qtr,5:48,True,2,2,False,40,42,DAL,GSW,2023,green
248,411,2nd Qtr,4:21,True,3,26,False,45,45,DAL,GSW,2023,green
303,217,2nd Qtr,3:03,True,3,25,False,48,50,DAL,GSW,2023,green
295,335,2nd Qtr,1:57,False,3,26,False,50,52,DAL,GSW,2023,red
285,363,2nd Qtr,1:34,False,3,26,False,50,52,DAL,GSW,2023,red
244,69,2nd Qtr,0:00,False,3,26,False,54,55,DAL,GSW,2023,red
111,129,3rd Qtr,7:12,True,2,13,False,69,75,DAL,GSW,2023,green
66,247,3rd Qtr,6:26,True,2,1,False,72,77,DAL,GSW,2023,green
228,59,3rd Qtr,5:58,True,3,25,False,75,79,DAL,GSW,2023,green
74,263,3rd Qtr,1:41,False,2,3,False,87,92,DAL,GSW,2023,red
336,257,3rd Qtr,1:24,False,3,28,False,87,92,DAL,GSW,2023,red
299,103,4th Qtr,5:34,False,3,28,True,104,103,DAL,GSW,2023,red
228,206,4th Qtr,4:49,False,2,18,True,104,103,DAL,GSW,2023,red
257,90,4th Qtr,4:25,False,3,25,True,104,103,DAL,GSW,2023,red
94,466,4th Qtr,2:09,True,3,23,True,110,108,DAL,GSW,2023,green
49,254,4th Qtr,1:37,False,2,1,False,110,111,DAL,GSW,2023,red
74,263,4th Qtr,1:19,True,2,3,False,112,113,DAL,GSW,2023,green
325,262,1st Qtr,7:50,True,3,27,True,12,10,CHI,GSW,2023,green
292,121,2nd Qtr,6:48,True,3,27,True,47,37,CHI,GSW,2023,green
230,157,2nd Qtr,4:18,False,2,20,True,49,41,CHI,GSW,2023,red
267,242,2nd Qtr,1:52,False,2,21,True,55,50,CHI,GSW,2023,red
316,119,2nd Qtr,1:14,False,3,29,True,55,52,CHI,GSW,2023,red
187,469,2nd Qtr,0:48,True,3,27,True,58,52,CHI,GSW,2023,green
126,323,3rd Qtr,9:02,True,2,11,True,68,57,CHI,GSW,2023,green
289,412,3rd Qtr,7:45,True,3,29,True,74,59,CHI,GSW,2023,green
302,46,3rd Qtr,5:31,False,3,32,True,81,63,CHI,GSW,2023,red
98,354,3rd Qtr,2:37,False,2,12,True,89,73,CHI,GSW,2023,red
73,303,4th Qtr,5:32,True,2,7,True,110,102,CHI,GSW,2023,green
245,287,4th Qtr,4:50,False,2,20,True,110,104,CHI,GSW,2023,red
290,388,4th Qtr,3:44,False,3,28,True,110,106,CHI,GSW,2023,red
68,168,4th Qtr,3:07,False,2,7,True,110,106,CHI,GSW,2023,red
56,2,4th Qtr,3:02,False,3,24,True,110,106,CHI,GSW,2023,red
99,273,4th Qtr,0:21,False,2,6,True,117,109,CHI,GSW,2023,red
71,275,1st Qtr,8:13,True,2,4,True,17,4,HOU,GSW,2023,green
309,85,1st Qtr,6:20,True,3,30,True,22,4,HOU,GSW,2023,green
318,72,1st Qtr,5:31,False,3,31,True,23,8,HOU,GSW,2023,red
35,7,1st Qtr,4:32,True,3,23,True,27,10,HOU,GSW,2023,green
27,10,1st Qtr,3:24,True,3,23,True,32,15,HOU,GSW,2023,green
240,49,1st Qtr,2:21,False,3,27,True,34,17,HOU,GSW,2023,red
57,288,2nd Qtr,4:41,False,2,5,True,55,38,HOU,GSW,2023,red
290,377,2nd Qtr,3:50,False,3,27,True,55,42,HOU,GSW,2023,red
269,411,2nd Qtr,2:52,False,3,28,True,57,45,HOU,GSW,2023,red
277,364,2nd Qtr,0:07,True,3,26,True,68,52,HOU,GSW,2023,green
204,32,3rd Qtr,10:10,False,3,26,True,68,56,HOU,GSW,2023,red
321,247,3rd Qtr,7:35,False,3,27,True,74,62,HOU,GSW,2023,red
85,275,3rd Qtr,6:02,True,2,5,True,78,64,HOU,GSW,2023,green
84,207,3rd Qtr,5:43,False,2,5,True,79,64,HOU,GSW,2023,red
247,68,3rd Qtr,3:44,False,3,26,True,88,70,HOU,GSW,2023,red
299,410,3rd Qtr,1:40,True,3,30,True,94,77,HOU,GSW,2023,green
208,35,4th Qtr,6:48,True,3,26,True,103,96,HOU,GSW,2023,green
282,416,4th Qtr,6:20,False,3,29,True,103,96,HOU,GSW,2023,red
300,312,4th Qtr,3:45,True,3,26,True,109,98,HOU,GSW,2023,green
303,340,4th Qtr,2:28,False,3,27,True,111,98,HOU,GSW,2023,red
303,337,4th Qtr,2:10,True,3,27,True,114,98,HOU,GSW,2023,green
258,242,1st Qtr,11:14,False,2,21,False,0,3,IND,GSW,2023,red
333,284,1st Qtr,4:02,False,3,28,False,14,22,IND,GSW,2023,red
82,275,1st Qtr,3:40,True,2,5,False,16,24,IND,GSW,2023,green
240,38,1st Qtr,3:12,False,3,28,False,16,26,IND,GSW,2023,red
246,65,1st Qtr,1:13,False,3,26,False,20,31,IND,GSW,2023,red
159,197,1st Qtr,0:01,False,2,12,False,21,34,IND,GSW,2023,red
309,59,2nd Qtr,0:50,False,3,31,False,48,54,IND,GSW,2023,red
313,322,3rd Qtr,11:06,False,3,27,False,50,61,IND,GSW,2023,red
77,283,3rd Qtr,5:51,False,2,5,False,65,72,IND,GSW,2023,red
298,142,3rd Qtr,5:13,True,3,26,False,68,74,IND,GSW,2023,green
105,194,3rd Qtr,3:20,False,2,7,False,71,77,IND,GSW,2023,red
272,439,3rd Qtr,3:03,True,3,30,False,74,79,IND,GSW,2023,green
275,194,3rd Qtr,1:44,False,2,23,False,74,85,IND,GSW,2023,red
325,165,4th Qtr,3:30,False,3,28,False,100,104,IND,GSW,2023,red
83,193,4th Qtr,1:20,False,2,6,False,102,111,IND,GSW,2023,red
243,64,4th Qtr,1:06,False,3,26,False,102,111,IND,GSW,2023,red
74,483,4th Qtr,0:34,False,3,24,False,102,111,IND,GSW,2023,red
159,305,1st Qtr,10:14,False,2,12,True,1,0,BOS,GSW,2023,red
80,304,1st Qtr,6:17,False,2,7,False,12,13,BOS,GSW,2023,red
336,335,1st Qtr,3:40,False,3,30,True,21,18,BOS,GSW,2023,red
292,119,1st Qtr,2:00,True,3,27,True,28,21,BOS,GSW,2023,green
66,273,1st Qtr,0:30,True,2,4,True,30,22,BOS,GSW,2023,green
357,164,1st Qtr,0:01,True,3,31,True,33,25,BOS,GSW,2023,green
340,164,2nd Qtr,4:19,True,3,30,True,57,48,BOS,GSW,2023,green
200,124,2nd Qtr,2:48,True,2,19,True,62,52,BOS,GSW,2023,green
364,328,2nd Qtr,0:28,True,3,32,True,68,61,BOS,GSW,2023,green
57,389,3rd Qtr,11:14,True,2,15,True,70,66,BOS,GSW,2023,green
302,334,3rd Qtr,10:49,True,3,27,True,73,66,BOS,GSW,2023,green
313,399,3rd Qtr,7:30,False,3,31,True,76,73,BOS,GSW,2023,red
64,286,3rd Qtr,3:43,True,2,5,True,87,78,BOS,GSW,2023,green
318,316,3rd Qtr,2:46,False,3,28,True,90,81,BOS,GSW,2023,red
97,212,3rd Qtr,0:50,False,2,5,True,95,81,BOS,GSW,2023,red
73,204,4th Qtr,7:21,False,2,4,True,103,92,BOS,GSW,2023,red
53,240,4th Qtr,7:18,True,2,0,True,105,92,BOS,GSW,2023,green
311,372,4th Qtr,6:19,False,3,29,True,105,97,BOS,GSW,2023,red
318,280,4th Qtr,3:51,True,3,27,True,114,99,BOS,GSW,2023,green
154,390,4th Qtr,3:24,True,2,18,True,116,101,BOS,GSW,2023,green
320,295,4th Qtr,2:41,False,3,27,True,116,101,BOS,GSW,2023,red
266,76,1st Qtr,5:11,False,3,27,False,13,16,MIL,GSW,2023,red
330,136,1st Qtr,1:43,True,3,30,False,21,29,MIL,GSW,2023,green
325,281,1st Qtr,0:38,True,3,28,False,27,34,MIL,GSW,2023,green
68,252,1st Qtr,0:17,False,2,2,False,27,38,MIL,GSW,2023,red
173,197,2nd Qtr,4:58,True,2,13,False,44,55,MIL,GSW,2023,green
300,168,2nd Qtr,4:37,False,3,26,False,44,55,MIL,GSW,2023,red
240,437,2nd Qtr,4:02,False,3,27,False,44,55,MIL,GSW,2023,red
183,322,2nd Qtr,2:57,False,2,15,False,47,55,MIL,GSW,2023,red
62,270,2nd Qtr,0:38,False,2,3,False,52,60,MIL,GSW,2023,red
198,458,2nd Qtr,0:01,False,3,26,False,52,64,MIL,GSW,2023,red
211,457,3rd Qtr,9:56,False,3,27,False,54,71,MIL,GSW,2023,red
80,313,3rd Qtr,9:35,False,2,8,False,54,72,MIL,GSW,2023,red
69,244,3rd Qtr,8:56,True,2,2,False,58,75,MIL,GSW,2023,green
300,335,3rd Qtr,5:51,True,3,27,False,62,85,MIL,GSW,2023,green
311,147,3rd Qtr,4:51,False,3,27,False,66,85,MIL,GSW,2023,red
190,304,3rd Qtr,4:07,True,2,15,False,69,87,MIL,GSW,2023,green
243,74,3rd Qtr,3:13,False,3,25,False,71,87,MIL,GSW,2023,red
61,384,1st Qtr,11:44,True,2,14,True,2,0,IND,GSW,2023,green
259,385,1st Qtr,7:53,True,3,25,True,10,4,IND,GSW,2023,green
79,264,1st Qtr,6:59,True,2,4,True,15,9,IND,GSW,2023,green
68,473,1st Qtr,5:02,True,3,23,True,20,11,IND,GSW,2023,green
320,318,1st Qtr,4:37,False,3,28,True,20,11,IND,GSW,2023,red
66,265,1st Qtr,3:15,True,2,3,True,22,15,IND,GSW,2023,green
146,8,1st Qtr,0:48,False,3,25,True,24,22,IND,GSW,2023,red
68,227,2nd Qtr,4:35,True,2,2,False,42,52,IND,GSW,2023,green
67,256,2nd Qtr,2:40,False,2,2,False,42,63,IND,GSW,2023,red
346,309,2nd Qtr,1:51,False,3,30,False,44,68,IND,GSW,2023,red
52,244,2nd Qtr,1:11,True,2,0,False,48,71,IND,GSW,2023,green
348,242,2nd Qtr,0:49,True,3,30,False,51,71,IND,GSW,2023,green
180,24,2nd Qtr,0:01,True,3,25,False,54,74,IND,GSW,2023,green
318,372,3rd Qtr,6:56,True,3,30,False,71,78,IND,GSW,2023,green
73,216,3rd Qtr,6:06,False,2,3,False,71,78,IND,GSW,2023,red
75,261,3rd Qtr,4:16,True,2,3,False,79,83,IND,GSW,2023,green
341,310,3rd Qtr,3:43,False,3,30,False,80,86,IND,GSW,2023,red
63,257,3rd Qtr,3:13,False,2,2,False,80,89,IND,GSW,2023,red
279,388,3rd Qtr,2:20,False,3,27,False,80,93,IND,GSW,2023,red
340,291,1st Qtr,10:07,False,3,29,False,3,4,PHO,GSW,2023,red
43,12,1st Qtr,9:23,False,3,23,False,3,4,PHO,GSW,2023,red
304,308,1st Qtr,8:57,True,3,26,False,6,7,PHO,GSW,2023,green
83,293,1st Qtr,7:02,False,2,6,True,10,9,PHO,GSW,2023,red
75,314,1st Qtr,6:38,True,2,8,True,12,11,PHO,GSW,2023,green
266,390,2nd Qtr,9:42,False,3,26,False,31,38,PHO,GSW,2023,red
67,212,2nd Qtr,8:39,False,2,3,False,33,40,PHO,GSW,2023,red
101,145,2nd Qtr,7:16,False,2,11,False,36,43,PHO,GSW,2023,red
42,17,2nd Qtr,7:11,False,3,22,False,36,43,PHO,GSW,2023,red
213,445,3rd Qtr,6:32,True,3,26,False,57,76,PHO,GSW,2023,green
183,13,4th Qtr,10:32,False,3,26,False,83,98,PHO,GSW,2023,red
233,48,4th Qtr,10:20,False,3,26,False,83,98,PHO,GSW,2023,red
323,72,4th Qtr,8:20,False,3,32,False,86,100,PHO,GSW,2023,red
74,283,4th Qtr,7:45,True,2,5,False,88,102,PHO,GSW,2023,green
180,211,4th Qtr,6:35,False,2,13,False,89,105,PHO,GSW,2023,red
317,130,4th Qtr,5:43,True,3,29,False,92,105,PHO,GSW,2023,green
353,312,4th Qtr,4:22,True,3,31,False,95,110,PHO,GSW,2023,green
125,4,4th Qtr,3:45,True,3,25,False,98,113,PHO,GSW,2023,green
113,252,4th Qtr,3:05,True,2,6,False,102,113,PHO,GSW,2023,green
323,284,4th Qtr,2:12,False,3,27,False,105,117,PHO,GSW,2023,red
323,423,4th Qtr,0:40,False,3,33,False,113,123,PHO,GSW,2023,red
285,86,4th Qtr,0:36,False,3,28,False,113,123,PHO,GSW,2023,red
58,230,1st Qtr,9:08,True,2,1,True,10,4,SAS,GSW,2023,green
247,418,1st Qtr,8:32,True,3,27,True,13,4,SAS,GSW,2023,green
61,237,1st Qtr,7:42,True,2,1,True,17,4,SAS,GSW,2023,green
75,9,1st Qtr,6:39,False,3,23,True,17,7,SAS,GSW,2023,red
252,64,1st Qtr,4:21,False,3,27,True,17,13,SAS,GSW,2023,red
213,439,2nd Qtr,5:49,False,3,26,True,54,47,SAS,GSW,2023,red
58,264,2nd Qtr,3:51,True,2,3,True,61,50,SAS,GSW,2023,green
308,187,3rd Qtr,9:55,False,3,26,True,76,67,SAS,GSW,2023,red
190,468,3rd Qtr,7:01,True,3,27,True,89,75,SAS,GSW,2023,green
314,195,3rd Qtr,6:43,False,3,27,True,89,75,SAS,GSW,2023,red
62,258,3rd Qtr,5:20,True,2,2,True,95,77,SAS,GSW,2023,green
64,215,3rd Qtr,4:56,False,2,3,True,95,77,SAS,GSW,2023,red
258,70,1st Qtr,5:34,True,3,27,False,8,19,CHI,GSW,2023,green
315,166,1st Qtr,5:04,False,3,28,False,8,19,CHI,GSW,2023,red
143,237,1st Qtr,2:59,True,2,9,False,12,27,CHI,GSW,2023,green
293,338,2nd Qtr,7:20,False,3,26,False,38,46,CHI,GSW,2023,red
220,421,2nd Qtr,4:31,True,3,25,False,49,54,CHI,GSW,2023,green
348,152,2nd Qtr,1:48,False,3,31,False,55,57,CHI,GSW,2023,red
259,80,2nd Qtr,1:30,False,3,26,False,56,57,CHI,GSW,2023,red
51,5,2nd Qtr,0:29,True,3,24,True,62,59,CHI,GSW,2023,green
175,269,3rd Qtr,10:01,True,2,13,True,69,62,CHI,GSW,2023,green
303,273,4th Qtr,9:30,False,3,25,False,91,103,CHI,GSW,2023,red
41,240,4th Qtr,8:55,True,2,1,False,93,106,CHI,GSW,2023,green
215,176,4th Qtr,8:31,True,2,18,False,95,108,CHI,GSW,2023,green
52,253,4th Qtr,8:06,True,2,1,False,97,108,CHI,GSW,2023,green
311,167,4th Qtr,6:56,False,3,27,False,99,110,CHI,GSW,2023,red
36,15,4th Qtr,6:16,False,3,23,False,99,110,CHI,GSW,2023,red
248,87,1st Qtr,11:12,False,3,25,False,0,2,WAS,GSW,2023,red
316,221,1st Qtr,9:10,True,3,27,False,9,10,WAS,GSW,2023,green
137,328,1st Qtr,8:28,False,2,12,False,9,10,WAS,GSW,2023,red
118,325,1st Qtr,5:53,True,2,11,True,15,14,WAS,GSW,2023,green
183,9,1st Qtr,5:00,False,3,27,False,16,18,WAS,GSW,2023,red
316,333,1st Qtr,1:56,True,3,28,True,29,24,WAS,GSW,2023,green
64,253,1st Qtr,0:59,True,2,2,True,33,26,WAS,GSW,2023,green
318,402,1st Qtr,0:34,False,3,31,True,33,28,WAS,GSW,2023,red
153,373,1st Qtr,0:06,False,2,17,True,33,30,WAS,GSW,2023,red
89,278,2nd Qtr,4:20,False,2,5,False,50,50,WAS,GSW,2023,red
340,300,2nd Qtr,3:33,False,3,30,False,53,55,WAS,GSW,2023,red
128,373,2nd Qtr,1:52,False,2,15,False,56,62,WAS,GSW,2023,red
103,196,2nd Qtr,0:35,True,2,7,True,66,64,WAS,GSW,2023,green
211,303,3rd Qtr,10:38,True,2,17,True,71,67,WAS,GSW,2023,green
211,447,3rd Qtr,10:13,False,3,26,True,71,69,WAS,GSW,2023,red
303,273,3rd Qtr,7:08,False,3,25,False,78,81,WAS,GSW,2023,red
295,343,3rd Qtr,5:12,False,3,27,False,80,85,WAS,GSW,2023,red
194,197,3rd Qtr,4:43,False,2,15,False,80,87,WAS,GSW,2023,red
283,91,3rd Qtr,3:47,True,3,28,False,85,89,WAS,GSW,2023,green
69,278,3rd Qtr,3:12,False,2,4,False,85,91,WAS,GSW,2023,red
179,455,3rd Qtr,2:28,True,3,25,False,91,93,WAS,GSW,2023,green
67,330,3rd Qtr,1:11,False,2,9,False,93,93,WAS,GSW,2023,red
266,445,3rd Qtr,1:06,False,3,30,False,93,93,WAS,GSW,2023,red
302,129,4th Qtr,5:54,True,3,28,True,108,106,WAS,GSW,2023,green
63,320,4th Qtr,5:07,True,2,8,True,110,106,WAS,GSW,2023,green
258,52,4th Qtr,3:58,True,3,28,True,115,111,WAS,GSW,2023,green
158,49,4th Qtr,2:01,True,2,22,True,120,114,WAS,GSW,2023,green
315,156,4th Qtr,1:31,False,3,28,True,120,114,WAS,GSW,2023,red
84,107,1st Qtr,8:39,False,2,14,False,6,11,BOS,GSW,2023,red
103,20,1st Qtr,7:22,False,3,23,True,12,11,BOS,GSW,2023,red
249,425,1st Qtr,6:55,False,3,27,False,12,13,BOS,GSW,2023,red
252,69,1st Qtr,2:56,True,3,26,False,19,21,BOS,GSW,2023,green
197,308,1st Qtr,2:25,False,2,16,False,19,21,BOS,GSW,2023,red
341,230,1st Qtr,1:37,False,3,29,False,19,21,BOS,GSW,2023,red
216,36,1st Qtr,0:42,True,3,26,True,24,23,BOS,GSW,2023,green
244,436,2nd Qtr,4:53,False,3,28,False,35,42,BOS,GSW,2023,red
156,476,2nd Qtr,3:04,True,3,26,True,45,44,BOS,GSW,2023,green
239,145,2nd Qtr,1:35,True,2,21,False,49,50,BOS,GSW,2023,green
228,146,3rd Qtr,10:48,True,2,20,True,59,55,BOS,GSW,2023,green
278,69,3rd Qtr,9:57,False,3,28,True,61,57,BOS,GSW,2023,red
59,-3,3rd Qtr,4:35,True,3,24,True,81,72,BOS,GSW,2023,green
308,239,3rd Qtr,3:49,False,3,26,True,81,72,BOS,GSW,2023,red
209,314,3rd Qtr,3:09,False,2,18,True,81,72,BOS,GSW,2023,red
197,450,4th Qtr,6:58,False,3,26,True,97,89,BOS,GSW,2023,red
71,205,4th Qtr,6:23,False,2,4,True,97,89,BOS,GSW,2023,red
243,69,4th Qtr,5:32,False,3,26,True,97,94,BOS,GSW,2023,red
62,468,4th Qtr,2:33,False,3,23,True,102,98,BOS,GSW,2023,red
303,275,4th Qtr,2:04,False,3,25,True,102,98,BOS,GSW,2023,red
83,271,4th Qtr,0:28,True,2,4,True,106,103,BOS,GSW,2023,green
276,353,4th Qtr,0:01,False,3,25,False,106,106,BOS,GSW,2023,red
209,440,1st OT,2:42,True,3,26,True,111,110,BOS,GSW,2023,green
266,92,1st OT,0:55,False,3,26,False,113,119,BOS,GSW,2023,red
74,184,1st Qtr,10:38,True,2,6,False,2,8,BRK,GSW,2023,green
64,208,1st Qtr,5:51,True,2,3,False,15,17,BRK,GSW,2023,green
223,33,1st Qtr,3:34,True,3,27,False,22,24,BRK,GSW,2023,green
307,137,1st Qtr,1:56,False,3,28,False,24,26,BRK,GSW,2023,red
323,150,2nd Qtr,5:09,True,3,29,True,59,50,BRK,GSW,2023,green
77,206,2nd Qtr,2:18,True,2,4,True,68,53,BRK,GSW,2023,green
85,476,3rd Qtr,10:41,True,3,24,True,75,63,BRK,GSW,2023,green
77,202,3rd Qtr,9:34,False,2,5,True,75,63,BRK,GSW,2023,red
167,393,3rd Qtr,7:33,False,2,19,True,75,72,BRK,GSW,2023,red
238,429,3rd Qtr,6:27,True,3,27,True,78,75,BRK,GSW,2023,green
249,57,3rd Qtr,3:35,False,3,27,False,80,81,BRK,GSW,2023,red
236,448,3rd Qtr,0:02,False,3,28,True,90,86,BRK,GSW,2023,red
65,24,4th Qtr,4:03,False,2,22,True,110,105,BRK,GSW,2023,red
221,351,4th Qtr,2:12,False,2,20,True,112,109,BRK,GSW,2023,red
161,280,4th Qtr,0:41,False,2,12,True,116,115,BRK,GSW,2023,red
316,407,4th Qtr,0:07,False,3,31,False,116,120,BRK,GSW,2023,red
261,82,1st Qtr,11:15,False,3,26,False,0,0,MEM,GSW,2023,red
61,279,1st Qtr,9:01,True,2,4,False,6,8,MEM,GSW,2023,green
216,340,2nd Qtr,10:27,False,2,19,False,27,28,MEM,GSW,2023,red
295,295,2nd Qtr,7:22,True,3,25,True,35,30,MEM,GSW,2023,green
249,232,2nd Qtr,5:26,False,2,20,True,35,34,MEM,GSW,2023,red
128,337,2nd Qtr,4:29,True,2,12,True,39,37,MEM,GSW,2023,green
225,433,2nd Qtr,1:58,False,3,26,True,48,44,MEM,GSW,2023,red
232,239,2nd Qtr,0:19,True,2,18,True,53,52,MEM,GSW,2023,green
356,237,3rd Qtr,6:47,False,3,31,False,68,73,MEM,GSW,2023,red
113,252,3rd Qtr,6:14,False,2,6,False,68,76,MEM,GSW,2023,red
299,112,3rd Qtr,4:51,True,3,28,False,74,80,MEM,GSW,2023,green
52,333,3rd Qtr,2:59,False,2,9,False,79,83,MEM,GSW,2023,red
230,52,3rd Qtr,2:27,True,3,26,False,84,85,MEM,GSW,2023,green
251,239,3rd Qtr,1:56,False,2,20,False,85,85,MEM,GSW,2023,red
110,247,3rd Qtr,0:58,True,2,6,False,87,92,MEM,GSW,2023,green
254,403,4th Qtr,4:25,True,3,26,False,107,111,MEM,GSW,2023,green
64,286,4th Qtr,3:53,True,2,5,False,109,113,MEM,GSW,2023,green
263,296,4th Qtr,2:18,True,2,22,False,113,113,MEM,GSW,2023,green
88,270,1st Qtr,9:58,True,2,5,False,4,4,TOR,GSW,2023,green
73,286,1st Qtr,8:53,True,2,5,False,8,10,TOR,GSW,2023,green
323,206,1st Qtr,8:09,False,3,27,False,8,13,TOR,GSW,2023,red
87,270,1st Qtr,7:25,True,2,5,False,10,16,TOR,GSW,2023,green
285,67,1st Qtr,6:29,True,3,29,False,15,19,TOR,GSW,2023,green
103,240,1st Qtr,2:25,True,2,5,False,26,29,TOR,GSW,2023,green
61,287,1st Qtr,1:18,True,2,5,False,31,31,TOR,GSW,2023,green
79,206,1st Qtr,0:03,False,2,4,False,34,36,TOR,GSW,2023,red
100,237,2nd Qtr,5:26,False,2,5,False,44,46,TOR,GSW,2023,red
67,291,2nd Qtr,1:39,True,2,5,True,62,58,TOR,GSW,2023,green
75,207,3rd Qtr,10:53,False,2,4,True,66,64,TOR,GSW,2023,red
85,273,3rd Qtr,8:17,True,2,5,False,68,70,TOR,GSW,2023,green
320,186,3rd Qtr,6:55,False,3,28,False,71,75,TOR,GSW,2023,red
118,14,3rd Qtr,6:27,True,3,24,True,76,75,TOR,GSW,2023,green
89,270,3rd Qtr,4:44,False,2,5,False,81,81,TOR,GSW,2023,red
271,389,3rd Qtr,4:23,False,3,27,False,81,83,TOR,GSW,2023,red
253,72,3rd Qtr,0:38,True,3,26,True,95,92,TOR,GSW,2023,green
126,303,4th Qtr,6:47,True,2,10,True,107,102,TOR,GSW,2023,green
333,248,4th Qtr,3:33,True,3,28,True,117,108,TOR,GSW,2023,green
73,219,4th Qtr,1:17,True,2,3,True,127,117,TOR,GSW,2023,green
233,450,4th Qtr,0:51,False,3,28,True,127,117,TOR,GSW,2023,red
261,386,1st Qtr,11:10,False,3,26,True,3,0,OKC,GSW,2023,red
75,219,1st Qtr,10:45,True,2,3,True,5,0,OKC,GSW,2023,green
316,243,1st Qtr,7:31,True,3,27,True,14,10,OKC,GSW,2023,green
68,258,1st Qtr,6:02,True,2,3,True,19,10,OKC,GSW,2023,green
115,248,1st Qtr,3:16,False,2,7,True,24,15,OKC,GSW,2023,red
39,10,1st Qtr,1:16,True,3,23,True,35,18,OKC,GSW,2023,green
283,354,1st Qtr,0:07,True,3,26,True,38,18,OKC,GSW,2023,green
243,49,2nd Qtr,1:47,True,3,27,True,60,42,OKC,GSW,2023,green
77,225,3rd Qtr,8:54,True,2,3,True,71,52,OKC,GSW,2023,green
67,268,3rd Qtr,7:30,True,2,3,True,74,57,OKC,GSW,2023,green
283,348,3rd Qtr,6:04,False,3,26,True,79,61,OKC,GSW,2023,red
238,68,3rd Qtr,5:12,False,3,25,True,79,63,OKC,GSW,2023,red
282,126,3rd Qtr,3:20,True,3,26,True,84,70,OKC,GSW,2023,green
299,369,3rd Qtr,1:51,False,3,28,True,86,74,OKC,GSW,2023,red
162,318,3rd Qtr,0:40,False,2,14,True,88,79,OKC,GSW,2023,red
185,443,3rd Qtr,0:31,True,3,24,True,91,79,OKC,GSW,2023,green
313,344,3rd Qtr,0:05,True,3,28,True,94,82,OKC,GSW,2023,green
328,233,4th Qtr,6:23,False,3,28,True,107,101,OKC,GSW,2023,red
221,442,4th Qtr,3:54,False,3,26,True,109,107,OKC,GSW,2023,red
199,457,4th Qtr,2:35,True,3,26,True,115,107,OKC,GSW,2023,green
279,91,1st Qtr,9:43,False,3,27,False,4,7,MIN,GSW,2023,red
223,54,1st Qtr,3:30,True,3,25,True,24,22,MIN,GSW,2023,green
113,282,1st Qtr,3:02,False,2,8,False,24,24,MIN,GSW,2023,red
100,11,1st Qtr,1:14,True,3,23,True,31,29,MIN,GSW,2023,green
136,7,1st Qtr,0:39,True,3,25,True,34,29,MIN,GSW,2023,green
248,73,2nd Qtr,2:34,True,3,26,True,64,58,MIN,GSW,2023,green
63,15,2nd Qtr,1:05,False,3,23,True,66,60,MIN,GSW,2023,red
258,395,2nd Qtr,0:14,True,3,26,True,71,60,MIN,GSW,2023,green
199,225,3rd Qtr,8:02,False,2,15,True,79,73,MIN,GSW,2023,red
223,277,3rd Qtr,7:32,False,2,18,True,79,74,MIN,GSW,2023,red
223,317,4th Qtr,10:46,True,2,19,True,98,85,MIN,GSW,2023,green
59,226,4th Qtr,8:23,False,2,2,True,98,95,MIN,GSW,2023,red
208,47,4th Qtr,6:07,False,3,25,True,102,101,MIN,GSW,2023,red
218,219,4th Qtr,5:40,False,2,17,True,102,101,MIN,GSW,2023,red
77,233,4th Qtr,5:22,True,2,3,True,104,103,MIN,GSW,2023,green
274,415,4th Qtr,3:03,False,3,28,True,106,105,MIN,GSW,2023,red
72,237,4th Qtr,1:39,True,2,2,False,110,110,MIN,GSW,2023,green
236,328,4th Qtr,0:06,False,2,21,False,110,110,MIN,GSW,2023,red
290,368,1st OT,3:50,False,3,27,True,112,110,MIN,GSW,2023,red
257,100,1st OT,0:32,False,3,25,False,114,117,MIN,GSW,2023,red
341,135,1st OT,0:03,False,3,31,False,114,119,MIN,GSW,2023,red
353,102,1st Qtr,10:35,True,3,33,True,6,4,DEN,GSW,2023,green
67,271,1st Qtr,9:19,True,2,4,True,13,6,DEN,GSW,2023,green
169,16,1st Qtr,6:19,False,3,25,True,18,14,DEN,GSW,2023,red
305,323,1st Qtr,4:53,True,3,27,True,24,20,DEN,GSW,2023,green
220,333,2nd Qtr,3:43,True,2,19,True,62,54,DEN,GSW,2023,green
64,213,2nd Qtr,2:07,True,2,3,True,67,60,DEN,GSW,2023,green
353,221,2nd Qtr,1:38,False,3,30,True,67,63,DEN,GSW,2023,red
340,318,2nd Qtr,0:20,False,3,30,False,69,70,DEN,GSW,2023,red
285,139,3rd Qtr,9:57,False,3,26,False,74,75,DEN,GSW,2023,red
177,467,3rd Qtr,8:46,True,3,26,True,78,75,DEN,GSW,2023,green
218,379,3rd Qtr,4:21,False,2,22,False,85,91,DEN,GSW,2023,red
118,243,3rd Qtr,3:25,False,2,7,False,85,97,DEN,GSW,2023,red
183,187,4th Qtr,11:07,True,2,14,False,93,105,DEN,GSW,2023,green
63,265,4th Qtr,9:50,True,2,3,False,97,111,DEN,GSW,2023,green
313,176,4th Qtr,9:25,False,3,27,False,97,113,DEN,GSW,2023,red
263,87,4th Qtr,6:53,True,3,26,False,105,118,DEN,GSW,2023,green
67,468,4th Qtr,4:51,True,3,23,False,109,122,DEN,GSW,2023,green
133,70,1st Qtr,10:58,True,2,19,True,4,0,DAL,GSW,2023,green
106,473,1st Qtr,5:57,True,3,24,True,22,10,DAL,GSW,2023,green
126,257,1st Qtr,4:09,True,2,8,True,24,17,DAL,GSW,2023,green
208,26,1st Qtr,3:18,False,3,27,True,24,21,DAL,GSW,2023,red
85,198,2nd Qtr,3:11,True,2,5,True,65,48,DAL,GSW,2023,green
300,294,2nd Qtr,2:57,False,3,26,True,65,48,DAL,GSW,2023,red
140,468,2nd Qtr,2:01,False,3,25,True,65,54,DAL,GSW,2023,red
70,212,3rd Qtr,10:31,True,2,3,True,77,59,DAL,GSW,2023,green
313,241,3rd Qtr,7:31,True,3,26,True,85,68,DAL,GSW,2023,green
118,299,3rd Qtr,4:06,True,2,9,True,94,75,DAL,GSW,2023,green
310,72,3rd Qtr,3:37,False,3,31,True,96,75,DAL,GSW,2023,red
296,313,1st Qtr,10:00,False,3,26,True,7,6,LAL,GSW,2023,red
303,212,1st Qtr,9:18,False,3,25,False,7,9,LAL,GSW,2023,red
198,197,1st Qtr,6:03,False,2,15,False,10,23,LAL,GSW,2023,red
258,87,2nd Qtr,7:26,True,3,26,False,35,39,LAL,GSW,2023,green
57,248,2nd Qtr,6:57,True,2,1,False,37,41,LAL,GSW,2023,green
76,11,2nd Qtr,5:35,True,3,23,False,40,41,LAL,GSW,2023,green
175,285,2nd Qtr,3:31,False,2,13,False,40,47,LAL,GSW,2023,red
281,335,3rd Qtr,11:24,False,3,25,False,54,55,LAL,GSW,2023,red
125,242,3rd Qtr,8:20,False,2,8,False,57,64,LAL,GSW,2023,red
179,453,3rd Qtr,7:49,False,3,25,False,57,67,LAL,GSW,2023,red
250,400,3rd Qtr,6:10,False,3,26,False,61,67,LAL,GSW,2023,red
74,258,4th Qtr,11:50,False,2,3,False,72,78,LAL,GSW,2023,red
298,192,4th Qtr,11:39,True,3,25,False,75,78,LAL,GSW,2023,green
178,365,4th Qtr,10:07,True,2,18,False,77,84,LAL,GSW,2023,green
66,221,4th Qtr,8:16,True,2,2,False,83,87,LAL,GSW,2023,green
333,304,4th Qtr,7:54,True,3,29,False,86,87,LAL,GSW,2023,green
291,182,4th Qtr,2:23,True,3,25,False,98,103,LAL,GSW,2023,green
273,127,4th Qtr,1:14,False,3,25,False,101,105,LAL,GSW,2023,red
148,468,4th Qtr,0:26,False,3,25,False,101,109,LAL,GSW,2023,red
279,122,4th Qtr,0:06,False,3,26,False,105,113,LAL,GSW,2023,red
199,447,1st Qtr,5:15,True,3,25,False,20,22,OKC,GSW,2023,green
176,22,2nd Qtr,11:19,True,3,25,False,36,40,OKC,GSW,2023,green
318,208,2nd Qtr,10:33,True,3,27,False,39,42,OKC,GSW,2023,green
264,72,2nd Qtr,9:58,False,3,27,False,39,42,OKC,GSW,2023,red
313,317,2nd Qtr,2:14,True,3,27,True,60,57,OKC,GSW,2023,green
66,266,2nd Qtr,1:19,True,2,3,True,64,62,OKC,GSW,2023,green
215,139,3rd Qtr,10:22,False,2,19,False,70,74,OKC,GSW,2023,red
65,12,3rd Qtr,8:56,True,3,23,True,78,76,OKC,GSW,2023,green
46,256,3rd Qtr,8:29,True,2,2,True,80,76,OKC,GSW,2023,green
73,254,3rd Qtr,6:52,True,2,3,True,82,80,OKC,GSW,2023,green
82,300,3rd Qtr,6:26,False,2,7,True,82,81,OKC,GSW,2023,red
259,92,3rd Qtr,4:41,True,3,26,False,87,90,OKC,GSW,2023,green
103,71,3rd Qtr,3:34,False,2,18,False,87,92,OKC,GSW,2023,red
282,388,3rd Qtr,0:20,True,3,27,False,99,105,OKC,GSW,2023,green
75,303,4th Qtr,11:35,True,2,7,False,101,105,OKC,GSW,2023,green
325,241,4th Qtr,11:15,True,3,28,False,104,107,OKC,GSW,2023,green
258,420,4th Qtr,9:17,False,3,28,False,106,114,OKC,GSW,2023,red
279,123,4th Qtr,8:13,False,3,26,False,108,119,OKC,GSW,2023,red
323,233,4th Qtr,3:14,True,3,27,False,118,130,OKC,GSW,2023,green
316,223,4th Qtr,2:29,False,3,27,False,118,132,OKC,GSW,2023,red
304,261,4th Qtr,2:24,True,3,26,False,121,132,OKC,GSW,2023,green
284,121,4th Qtr,2:03,False,3,26,False,121,132,OKC,GSW,2023,red
213,33,4th Qtr,0:47,False,3,26,False,128,135,OKC,GSW,2023,red
66,258,1st Qtr,8:51,False,2,2,False,6,16,MEM,GSW,2023,red
50,240,1st Qtr,8:48,False,2,0,False,6,16,MEM,GSW,2023,red
123,12,1st Qtr,5:12,True,3,24,False,17,26,MEM,GSW,2023,green
328,253,1st Qtr,4:09,False,3,28,False,21,28,MEM,GSW,2023,red
102,9,2nd Qtr,11:10,False,3,24,False,30,50,MEM,GSW,2023,red
231,245,2nd Qtr,10:33,True,2,18,False,35,50,MEM,GSW,2023,green
194,23,2nd Qtr,9:52,True,3,26,False,38,53,MEM,GSW,2023,green
75,265,2nd Qtr,8:34,False,2,4,False,41,53,MEM,GSW,2023,red
58,259,2nd Qtr,8:05,True,2,2,False,43,55,MEM,GSW,2023,green
364,234,2nd Qtr,7:02,True,3,31,False,49,55,MEM,GSW,2023,green
46,81,2nd Qtr,6:22,False,2,16,False,49,57,MEM,GSW,2023,red
63,259,2nd Qtr,4:48,True,2,2,False,53,57,MEM,GSW,2023,green
312,307,2nd Qtr,1:23,False,3,27,False,57,70,MEM,GSW,2023,red
73,249,3rd Qtr,10:58,True,2,2,False,63,77,MEM,GSW,2023,green
313,217,3rd Qtr,8:55,True,3,26,False,69,79,MEM,GSW,2023,green
151,237,3rd Qtr,6:56,True,2,10,False,76,84,MEM,GSW,2023,green
68,247,4th Qtr,7:58,True,2,2,False,100,113,MEM,GSW,2023,green
65,273,4th Qtr,7:09,False,2,4,False,100,113,MEM,GSW,2023,red
313,219,4th Qtr,4:15,False,3,26,False,102,120,MEM,GSW,2023,red
67,270,1st Qtr,8:37,False,2,3,False,4,4,MIL,GSW,2023,red
294,432,1st Qtr,7:54,False,3,31,False,4,4,MIL,GSW,2023,red
208,455,1st Qtr,4:25,False,3,27,False,10,14,MIL,GSW,2023,red
85,197,1st Qtr,4:05,True,2,6,False,12,14,MIL,GSW,2023,green
230,53,2nd Qtr,6:45,False,3,26,True,37,35,MIL,GSW,2023,red
177,314,2nd Qtr,4:51,True,2,15,True,44,38,MIL,GSW,2023,green
238,59,2nd Qtr,4:31,True,3,26,True,47,41,MIL,GSW,2023,green
273,107,2nd Qtr,3:57,False,3,26,True,47,41,MIL,GSW,2023,red
98,248,2nd Qtr,2:23,False,2,5,True,47,41,MIL,GSW,2023,red
123,220,2nd Qtr,1:54,False,2,8,True,47,44,MIL,GSW,2023,red
335,212,3rd Qtr,10:38,False,3,29,True,52,51,MIL,GSW,2023,red
188,25,3rd Qtr,8:54,True,3,26,True,63,53,MIL,GSW,2023,green
309,281,3rd Qtr,7:28,False,3,26,True,66,53,MIL,GSW,2023,red
100,266,3rd Qtr,5:55,False,2,6,True,66,56,MIL,GSW,2023,red
82,283,3rd Qtr,5:13,True,2,5,True,68,58,MIL,GSW,2023,green
98,319,3rd Qtr,3:27,False,2,9,True,70,63,MIL,GSW,2023,red
314,198,4th Qtr,8:43,False,3,27,False,83,84,MIL,GSW,2023,red
92,129,4th Qtr,6:03,True,2,12,False,92,92,MIL,GSW,2023,green
279,405,4th Qtr,2:55,False,3,28,False,97,105,MIL,GSW,2023,red
105,473,4th Qtr,1:51,True,3,24,False,103,108,MIL,GSW,2023,green
194,456,4th Qtr,1:08,True,3,26,False,106,108,MIL,GSW,2023,green
74,200,4th Qtr,0:45,True,2,5,False,108,108,MIL,GSW,2023,green
288,129,4th Qtr,0:19,True,3,26,False,111,111,MIL,GSW,2023,green
172,148,1st OT,3:55,True,2,15,False,113,113,MIL,GSW,2023,green
279,57,1st OT,2:04,True,3,29,True,120,113,MIL,GSW,2023,green
373,236,1st OT,1:10,False,3,32,True,121,116,MIL,GSW,2023,red
69,275,1st OT,1:00,True,2,4,True,123,116,MIL,GSW,2023,green
246,67,1st Qtr,10:13,True,3,26,True,8,0,PHO,GSW,2023,green
102,445,1st Qtr,9:20,False,2,21,True,10,2,PHO,GSW,2023,red
62,219,1st Qtr,7:46,True,2,2,True,15,7,PHO,GSW,2023,green
313,377,1st Qtr,2:54,True,3,30,True,32,14,PHO,GSW,2023,green
304,316,1st Qtr,2:25,True,3,27,True,35,14,PHO,GSW,2023,green
67,282,2nd Qtr,5:42,True,2,4,True,61,39,PHO,GSW,2023,green
246,307,2nd Qtr,5:23,False,2,21,True,62,40,PHO,GSW,2023,red
325,255,3rd Qtr,11:23,False,3,28,True,75,58,PHO,GSW,2023,red
253,228,3rd Qtr,5:42,True,2,20,True,85,76,PHO,GSW,2023,green
325,236,3rd Qtr,2:51,False,3,28,True,88,84,PHO,GSW,2023,red
142,261,3rd Qtr,0:45,False,2,9,True,98,86,PHO,GSW,2023,red
75,212,4th Qtr,3:48,False,2,4,True,118,104,PHO,GSW,2023,red
43,472,4th Qtr,2:53,True,3,23,True,123,106,PHO,GSW,2023,green
60,206,1st Qtr,11:13,True,2,4,True,4,0,LAC,GSW,2023,green
263,385,1st Qtr,10:53,False,3,26,True,4,0,LAC,GSW,2023,red
63,231,1st Qtr,10:27,True,2,2,True,6,0,LAC,GSW,2023,green
174,286,1st Qtr,7:37,False,2,13,True,8,3,LAC,GSW,2023,red
263,107,1st Qtr,6:43,False,3,25,False,8,8,LAC,GSW,2023,red
140,135,1st Qtr,4:45,True,2,14,True,13,11,LAC,GSW,2023,green
197,26,1st Qtr,1:39,True,3,26,False,20,20,LAC,GSW,2023,green
362,370,1st Qtr,0:27,True,3,34,False,23,25,LAC,GSW,2023,green
258,416,2nd Qtr,5:34,False,3,27,False,42,43,LAC,GSW,2023,red
74,218,2nd Qtr,3:26,True,2,3,False,46,48,LAC,GSW,2023,green
246,88,2nd Qtr,0:59,True,3,25,False,54,56,LAC,GSW,2023,green
322,344,2nd Qtr,0:31,True,3,29,False,57,59,LAC,GSW,2023,green
267,376,3rd Qtr,11:26,True,3,26,False,61,61,LAC,GSW,2023,green
71,263,3rd Qtr,10:22,True,2,3,True,65,64,LAC,GSW,2023,green
96,236,3rd Qtr,8:34,False,2,5,True,70,69,LAC,GSW,2023,red
80,348,3rd Qtr,4:51,True,2,11,False,74,82,LAC,GSW,2023,green
60,232,3rd Qtr,4:28,True,2,1,False,76,82,LAC,GSW,2023,green
313,215,3rd Qtr,4:03,True,3,26,False,79,83,LAC,GSW,2023,green
253,75,3rd Qtr,3:35,True,3,26,False,82,85,LAC,GSW,2023,green
63,240,3rd Qtr,3:07,True,2,1,False,84,86,LAC,GSW,2023,green
323,220,3rd Qtr,2:36,False,3,27,False,84,88,LAC,GSW,2023,red
69,227,3rd Qtr,1:36,True,2,2,False,88,91,LAC,GSW,2023,green
72,248,3rd Qtr,0:01,True,2,2,False,93,99,LAC,GSW,2023,green
279,118,4th Qtr,8:27,False,3,26,False,99,111,LAC,GSW,2023,red
217,32,4th Qtr,6:32,True,3,27,False,109,118,LAC,GSW,2023,green
243,358,4th Qtr,6:10,True,2,23,False,111,118,LAC,GSW,2023,green
168,272,4th Qtr,3:41,True,2,12,False,119,125,LAC,GSW,2023,green
277,355,4th Qtr,2:18,False,3,25,False,119,129,LAC,GSW,2023,red
304,278,1st Qtr,9:21,False,3,26,True,9,4,ATL,GSW,2023,red
68,240,1st Qtr,8:46,True,2,2,True,14,4,ATL,GSW,2023,green
54,46,1st Qtr,7:01,True,2,19,True,21,11,ATL,GSW,2023,green
69,249,1st Qtr,5:36,True,2,2,True,25,19,ATL,GSW,2023,green
133,112,1st Qtr,4:32,False,2,15,True,25,21,ATL,GSW,2023,red
176,18,2nd Qtr,10:42,False,3,25,False,35,41,ATL,GSW,2023,red
310,261,2nd Qtr,9:55,False,3,26,False,37,42,ATL,GSW,2023,red
63,247,2nd Qtr,8:43,True,2,1,False,43,47,ATL,GSW,2023,green
216,435,2nd Qtr,7:27,False,3,26,False,43,52,ATL,GSW,2023,red
316,219,2nd Qtr,7:09,True,3,27,False,46,52,ATL,GSW,2023,green
87,231,2nd Qtr,5:02,True,2,4,False,52,59,ATL,GSW,2023,green
316,240,2nd Qtr,0:36,False,3,27,False,64,67,ATL,GSW,2023,red
66,234,2nd Qtr,0:06,False,2,2,False,64,69,ATL,GSW,2023,red
294,285,3rd Qtr,10:03,False,3,25,False,71,76,ATL,GSW,2023,red
51,232,3rd Qtr,9:34,False,2,1,False,71,78,ATL,GSW,2023,red
61,241,3rd Qtr,8:41,False,2,1,False,73,83,ATL,GSW,2023,red
303,269,3rd Qtr,6:21,True,3,25,False,80,89,ATL,GSW,2023,green
49,254,3rd Qtr,6:00,True,2,1,False,82,90,ATL,GSW,2023,green
52,238,3rd Qtr,4:11,False,2,0,False,84,93,ATL,GSW,2023,red
54,9,4th Qtr,7:58,True,3,23,False,106,112,ATL,GSW,2023,green
282,137,4th Qtr,6:42,True,3,25,False,111,114,ATL,GSW,2023,green
113,252,4th Qtr,4:12,True,2,6,False,117,119,ATL,GSW,2023,green
258,100,4th Qtr,2:59,False,3,25,False,117,120,ATL,GSW,2023,red
85,251,4th Qtr,2:33,False,2,4,False,117,120,ATL,GSW,2023,red
49,244,4th Qtr,2:12,True,2,0,False,119,120,ATL,GSW,2023,green
280,379,4th Qtr,1:01,False,3,27,False,119,121,ATL,GSW,2023,red
311,356,4th Qtr,0:21,False,3,29,False,119,127,ATL,GSW,2023,red
98,219,1st Qtr,9:30,False,2,5,False,4,9,MEM,GSW,2023,red
277,358,1st Qtr,5:19,False,3,26,False,14,20,MEM,GSW,2023,red
68,238,2nd Qtr,11:47,True,2,2,False,25,33,MEM,GSW,2023,green
292,217,2nd Qtr,10:12,True,3,24,False,28,35,MEM,GSW,2023,green
295,188,2nd Qtr,8:02,False,3,25,False,35,41,MEM,GSW,2023,red
305,257,3rd Qtr,8:53,True,3,26,False,69,77,MEM,GSW,2023,green
176,305,3rd Qtr,7:33,False,2,14,False,73,80,MEM,GSW,2023,red
61,259,3rd Qtr,6:33,False,2,2,False,76,83,MEM,GSW,2023,red
294,369,3rd Qtr,6:16,False,3,28,False,76,86,MEM,GSW,2023,red
204,358,3rd Qtr,5:45,False,2,19,False,76,88,MEM,GSW,2023,red
54,253,4th Qtr,9:41,True,2,1,False,106,108,MEM,GSW,2023,green
58,245,4th Qtr,9:16,False,2,1,False,106,108,MEM,GSW,2023,red
283,137,4th Qtr,7:38,True,3,25,False,109,115,MEM,GSW,2023,green
278,359,4th Qtr,7:02,False,3,26,False,109,117,MEM,GSW,2023,red
61,4,1st Qtr,8:02,False,3,24,True,9,6,HOU,GSW,2023,red
326,228,1st Qtr,6:32,False,3,28,False,9,10,HOU,GSW,2023,red
102,244,1st Qtr,4:51,False,2,5,False,13,14,HOU,GSW,2023,red
111,7,2nd Qtr,8:53,True,3,24,True,31,27,HOU,GSW,2023,green
246,409,2nd Qtr,8:20,False,3,26,True,31,27,HOU,GSW,2023,red
79,243,2nd Qtr,7:32,False,2,3,True,33,30,HOU,GSW,2023,red
62,250,2nd Qtr,6:24,True,2,2,False,35,35,HOU,GSW,2023,green
358,93,2nd Qtr,4:33,True,3,34,True,44,40,HOU,GSW,2023,green
253,411,2nd Qtr,3:39,False,3,27,True,44,40,HOU,GSW,2023,red
218,42,2nd Qtr,2:02,True,3,26,True,52,44,HOU,GSW,2023,green
61,258,2nd Qtr,0:47,True,2,2,True,55,48,HOU,GSW,2023,green
72,243,2nd Qtr,0:05,False,2,2,True,55,50,HOU,GSW,2023,red
228,411,3rd Qtr,10:59,False,3,25,True,57,50,HOU,GSW,2023,red
59,256,3rd Qtr,8:31,True,2,2,True,60,58,HOU,GSW,2023,green
169,457,3rd Qtr,7:49,False,3,25,True,60,59,HOU,GSW,2023,red
233,80,3rd Qtr,6:34,False,3,24,False,64,64,HOU,GSW,2023,red
52,232,4th Qtr,11:45,True,2,1,True,86,80,HOU,GSW,2023,green
68,270,4th Qtr,10:48,True,2,3,True,90,84,HOU,GSW,2023,green
158,468,4th Qtr,10:08,True,3,25,True,93,87,HOU,GSW,2023,green
323,378,4th Qtr,4:00,False,3,31,True,111,95,HOU,GSW,2023,red
304,263,4th Qtr,2:56,False,3,26,True,111,101,HOU,GSW,2023,red
170,463,4th Qtr,2:18,False,3,25,True,113,101,HOU,GSW,2023,red
277,74,4th Qtr,0:32,True,3,28,True,121,108,HOU,GSW,2023,green
59,228,1st Qtr,3:33,True,2,1,False,21,22,DAL,GSW,2023,green
213,281,2nd Qtr,8:36,True,2,17,False,38,40,DAL,GSW,2023,green
302,146,2nd Qtr,7:59,False,3,27,False,38,41,DAL,GSW,2023,red
205,170,2nd Qtr,3:55,True,2,17,True,51,50,DAL,GSW,2023,green
294,289,2nd Qtr,3:33,False,3,25,False,51,51,DAL,GSW,2023,red
282,345,2nd Qtr,0:55,True,3,25,True,62,61,DAL,GSW,2023,green
269,98,2nd Qtr,0:33,False,3,26,True,62,61,DAL,GSW,2023,red
72,207,3rd Qtr,9:41,False,2,4,True,70,68,DAL,GSW,2023,red
174,455,3rd Qtr,9:38,False,3,25,True,70,68,DAL,GSW,2023,red
149,288,3rd Qtr,7:28,True,2,11,True,77,68,DAL,GSW,2023,green
62,230,3rd Qtr,6:39,True,2,2,True,79,73,DAL,GSW,2023,green
74,283,3rd Qtr,5:31,False,2,5,True,79,76,DAL,GSW,2023,red
54,232,3rd Qtr,5:09,False,2,1,True,79,76,DAL,GSW,2023,red
108,259,4th Qtr,9:59,True,2,6,True,100,96,DAL,GSW,2023,green
194,452,4th Qtr,9:27,True,3,26,True,103,100,DAL,GSW,2023,green
138,475,4th Qtr,8:46,False,3,25,False,103,103,DAL,GSW,2023,red
228,62,4th Qtr,5:01,False,3,25,False,113,113,DAL,GSW,2023,red
56,256,4th Qtr,0:08,True,2,2,True,125,122,DAL,GSW,2023,green
218,30,1st Qtr,11:18,False,3,27,False,0,2,PHI,GSW,2023,red
74,265,1st Qtr,10:31,True,2,3,True,5,4,PHI,GSW,2023,green
72,201,1st Qtr,6:45,True,2,4,True,13,9,PHI,GSW,2023,green
172,356,1st Qtr,5:43,False,2,17,True,13,11,PHI,GSW,2023,red
64,260,1st Qtr,3:56,True,2,2,True,18,17,PHI,GSW,2023,green
310,354,2nd Qtr,10:37,True,3,28,False,26,27,PHI,GSW,2023,green
82,472,2nd Qtr,0:47,False,3,23,False,53,53,PHI,GSW,2023,red
78,277,3rd Qtr,11:32,True,2,5,True,57,53,PHI,GSW,2023,green
288,376,3rd Qtr,10:57,False,3,27,True,57,53,PHI,GSW,2023,red
295,392,3rd Qtr,10:51,False,3,29,True,57,53,PHI,GSW,2023,red
103,249,3rd Qtr,10:30,False,2,5,True,57,56,PHI,GSW,2023,red
277,363,3rd Qtr,8:00,True,3,26,False,64,64,PHI,GSW,2023,green
77,298,3rd Qtr,4:11,True,2,6,True,74,72,PHI,GSW,2023,green
208,58,3rd Qtr,3:44,False,3,24,False,74,74,PHI,GSW,2023,red
61,116,4th Qtr,9:56,False,2,12,False,84,93,PHI,GSW,2023,red
236,301,4th Qtr,3:22,True,2,20,True,110,108,PHI,GSW,2023,green
74,350,4th Qtr,2:20,True,2,11,True,112,110,PHI,GSW,2023,green
170,263,4th Qtr,0:47,True,2,12,True,117,110,PHI,GSW,2023,green
51,470,1st Qtr,10:17,True,3,23,True,5,2,MIN,GSW,2023,green
231,52,1st Qtr,9:47,False,3,26,True,5,2,MIN,GSW,2023,red
209,358,2nd Qtr,8:38,False,2,20,False,33,39,MIN,GSW,2023,red
323,276,2nd Qtr,8:04,False,3,28,False,33,42,MIN,GSW,2023,red
82,202,2nd Qtr,7:34,False,2,5,False,33,45,MIN,GSW,2023,red
56,382,2nd Qtr,5:26,True,2,14,False,40,50,MIN,GSW,2023,green
320,307,2nd Qtr,4:52,False,3,28,False,40,52,MIN,GSW,2023,red
79,208,2nd Qtr,4:28,False,2,4,False,42,52,MIN,GSW,2023,red
140,129,2nd Qtr,2:15,True,2,14,False,50,52,MIN,GSW,2023,green
43,2,2nd Qtr,1:20,True,3,24,True,55,52,MIN,GSW,2023,green
299,348,2nd Qtr,0:40,False,3,27,True,55,53,MIN,GSW,2023,red
264,76,2nd Qtr,0:03,False,3,27,True,55,53,MIN,GSW,2023,red
211,36,3rd Qtr,10:28,False,3,26,True,57,53,MIN,GSW,2023,red
62,2,3rd Qtr,5:35,True,3,24,False,61,61,MIN,GSW,2023,green
75,272,3rd Qtr,4:25,True,2,4,False,63,64,MIN,GSW,2023,green
282,394,3rd Qtr,3:52,True,3,28,True,66,64,MIN,GSW,2023,green
97,291,3rd Qtr,3:21,False,2,7,False,66,67,MIN,GSW,2023,red
316,212,3rd Qtr,2:31,False,3,27,False,68,70,MIN,GSW,2023,red
153,112,4th Qtr,10:06,True,2,16,False,77,84,MIN,GSW,2023,green
278,388,4th Qtr,4:26,False,3,27,False,89,91,MIN,GSW,2023,red
228,254,4th Qtr,3:23,False,2,18,False,89,91,MIN,GSW,2023,red
61,301,4th Qtr,2:27,False,2,6,True,92,91,MIN,GSW,2023,red
33,12,4th Qtr,0:00,False,3,23,False,96,99,MIN,GSW,2023,red
251,415,1st Qtr,11:05,True,3,27,True,5,0,NOP,GSW,2023,green
100,258,1st Qtr,5:53,False,2,5,True,15,14,NOP,GSW,2023,red
77,273,1st Qtr,4:46,True,2,4,True,20,17,NOP,GSW,2023,green
297,371,1st Qtr,4:06,True,3,28,True,23,20,NOP,GSW,2023,green
288,433,1st Qtr,2:27,False,3,31,False,23,27,NOP,GSW,2023,red
117,254,1st Qtr,2:01,False,2,7,False,23,29,NOP,GSW,2023,red
338,207,2nd Qtr,10:44,False,3,29,False,27,37,NOP,GSW,2023,red
73,191,2nd Qtr,9:00,True,2,5,False,31,41,NOP,GSW,2023,green
116,273,2nd Qtr,8:15,False,2,7,False,32,43,NOP,GSW,2023,red
223,254,2nd Qtr,2:16,True,2,17,False,43,54,NOP,GSW,2023,green
115,473,2nd Qtr,0:29,True,3,24,False,46,63,NOP,GSW,2023,green
266,398,3rd Qtr,11:42,False,3,27,False,46,63,NOP,GSW,2023,red
276,379,3rd Qtr,7:40,False,3,27,False,57,71,NOP,GSW,2023,red
228,438,3rd Qtr,5:28,True,3,27,False,68,76,NOP,GSW,2023,green
266,384,3rd Qtr,1:44,False,3,26,False,74,85,NOP,GSW,2023,red
330,212,3rd Qtr,1:37,True,3,28,False,77,85,NOP,GSW,2023,green
348,132,3rd Qtr,0:53,True,3,32,False,80,87,NOP,GSW,2023,green
243,52,3rd Qtr,0:24,False,3,27,False,80,89,NOP,GSW,2023,red
266,403,3rd Qtr,0:12,True,3,27,False,83,89,NOP,GSW,2023,green
100,250,4th Qtr,11:35,True,2,5,False,87,89,NOP,GSW,2023,green
99,236,4th Qtr,4:07,False,2,5,True,105,101,NOP,GSW,2023,red
326,299,4th Qtr,3:23,True,3,28,True,111,101,NOP,GSW,2023,green
88,258,4th Qtr,2:45,True,2,4,True,113,103,NOP,GSW,2023,green
74,294,4th Qtr,2:09,True,2,6,True,115,103,NOP,GSW,2023,green
384,263,4th Qtr,1:08,False,3,34,True,118,103,NOP,GSW,2023,red
63,192,1st Qtr,8:59,True,2,5,False,4,9,SAS,GSW,2023,green
308,391,1st Qtr,6:34,False,3,30,False,6,13,SAS,GSW,2023,red
56,192,1st Qtr,5:31,False,2,5,False,10,15,SAS,GSW,2023,red
190,98,1st Qtr,4:34,True,2,20,False,12,19,SAS,GSW,2023,green
154,197,2nd Qtr,10:38,False,2,11,False,25,28,SAS,GSW,2023,red
290,358,2nd Qtr,7:53,True,3,27,False,30,32,SAS,GSW,2023,green
278,97,2nd Qtr,7:22,True,3,27,False,33,35,SAS,GSW,2023,green
316,328,2nd Qtr,7:02,False,3,28,False,34,35,SAS,GSW,2023,red
84,202,2nd Qtr,5:17,False,2,5,False,35,39,SAS,GSW,2023,red
36,476,2nd Qtr,5:10,True,3,24,False,38,39,SAS,GSW,2023,green
246,434,3rd Qtr,10:50,True,3,28,True,57,55,SAS,GSW,2023,green
70,196,3rd Qtr,10:26,False,2,5,True,57,55,SAS,GSW,2023,red
125,272,3rd Qtr,4:41,False,2,8,False,74,74,SAS,GSW,2023,red
303,264,4th Qtr,11:35,True,3,25,True,90,88,SAS,GSW,2023,green
315,205,4th Qtr,10:12,True,3,27,True,95,90,SAS,GSW,2023,green
82,316,4th Qtr,9:02,False,2,8,True,98,93,SAS,GSW,2023,red
63,293,4th Qtr,8:33,True,2,5,True,100,93,SAS,GSW,2023,green
103,263,4th Qtr,8:00,True,2,6,True,102,96,SAS,GSW,2023,green
225,454,4th Qtr,7:30,False,3,28,True,103,96,SAS,GSW,2023,red
325,277,4th Qtr,2:50,True,3,28,True,122,106,SAS,GSW,2023,green
330,278,4th Qtr,2:08,False,3,28,True,122,108,SAS,GSW,2023,red
251,408,1st Qtr,10:29,False,3,26,False,2,2,DEN,GSW,2023,red
104,232,1st Qtr,8:38,False,2,5,True,6,4,DEN,GSW,2023,red
213,393,1st Qtr,5:53,False,2,22,True,16,11,DEN,GSW,2023,red
182,328,1st Qtr,3:43,False,2,16,True,23,17,DEN,GSW,2023,red
240,341,2nd Qtr,11:31,True,2,22,True,38,26,DEN,GSW,2023,green
69,210,2nd Qtr,10:10,True,2,4,True,44,31,DEN,GSW,2023,green
363,233,2nd Qtr,8:29,False,3,31,True,46,33,DEN,GSW,2023,red
67,271,2nd Qtr,7:31,True,2,4,True,48,36,DEN,GSW,2023,green
279,378,2nd Qtr,7:09,False,3,27,True,48,39,DEN,GSW,2023,red
99,2,2nd Qtr,6:44,False,3,24,True,48,39,DEN,GSW,2023,red
79,187,2nd Qtr,5:16,False,2,6,True,52,44,DEN,GSW,2023,red
59,260,2nd Qtr,5:06,True,2,2,True,54,44,DEN,GSW,2023,green
59,268,2nd Qtr,2:44,True,2,3,True,58,51,DEN,GSW,2023,green
277,57,2nd Qtr,1:41,False,3,29,True,59,56,DEN,GSW,2023,red
220,360,3rd Qtr,9:53,True,2,21,True,66,61,DEN,GSW,2023,green
333,311,3rd Qtr,8:40,True,3,29,True,71,63,DEN,GSW,2023,green
307,388,3rd Qtr,7:40,False,3,30,True,71,69,DEN,GSW,2023,red
57,471,3rd Qtr,2:19,False,3,23,True,82,81,DEN,GSW,2023,red
68,269,3rd Qtr,1:31,False,2,3,False,82,85,DEN,GSW,2023,red
72,267,3rd Qtr,0:40,False,2,3,False,84,89,DEN,GSW,2023,red
271,94,4th Qtr,11:23,False,3,26,False,87,91,DEN,GSW,2023,red
156,22,4th Qtr,11:15,True,3,24,False,90,91,DEN,GSW,2023,green
110,254,4th Qtr,10:31,False,2,6,False,90,93,DEN,GSW,2023,red
307,385,4th Qtr,9:53,False,3,29,False,90,95,DEN,GSW,2023,red
89,475,4th Qtr,9:22,False,3,24,False,90,95,DEN,GSW,2023,red
87,235,4th Qtr,2:34,False,2,4,False,101,112,DEN,GSW,2023,red
116,465,4th Qtr,2:30,False,3,23,False,101,112,DEN,GSW,2023,red
315,340,4th Qtr,0:25,False,3,28,False,107,112,DEN,GSW,2023,red
204,30,1st Qtr,10:32,False,3,26,False,0,2,OKC,GSW,2023,red
116,283,1st Qtr,8:03,True,2,8,False,7,7,OKC,GSW,2023,green
64,192,1st Qtr,7:40,False,2,5,False,7,9,OKC,GSW,2023,red
321,243,1st Qtr,7:36,False,3,27,False,7,9,OKC,GSW,2023,red
79,213,1st Qtr,5:47,True,2,4,False,13,19,OKC,GSW,2023,green
240,265,1st Qtr,4:52,False,2,19,False,15,22,OKC,GSW,2023,red
298,366,1st Qtr,2:28,True,3,28,False,29,31,OKC,GSW,2023,green
354,192,1st Qtr,1:51,False,3,31,False,29,31,OKC,GSW,2023,red
167,348,1st Qtr,1:15,False,2,16,False,31,33,OKC,GSW,2023,red
267,92,2nd Qtr,7:23,True,3,26,False,47,50,OKC,GSW,2023,green
325,236,2nd Qtr,6:20,True,3,28,False,50,56,OKC,GSW,2023,green
338,278,2nd Qtr,5:06,True,3,29,False,55,58,OKC,GSW,2023,green
72,289,2nd Qtr,2:47,True,2,5,False,61,67,OKC,GSW,2023,green
313,104,2nd Qtr,1:50,False,3,30,False,63,72,OKC,GSW,2023,red
78,213,2nd Qtr,1:28,True,2,4,False,65,72,OKC,GSW,2023,green
74,208,2nd Qtr,0:25,True,2,4,False,69,76,OKC,GSW,2023,green
84,311,3rd Qtr,8:45,False,2,8,False,78,86,OKC,GSW,2023,red
193,470,3rd Qtr,8:16,True,3,27,False,84,86,OKC,GSW,2023,green
298,394,3rd Qtr,6:44,False,3,29,False,86,90,OKC,GSW,2023,red
103,192,3rd Qtr,5:34,False,2,7,False,86,92,OKC,GSW,2023,red
168,387,3rd Qtr,3:22,False,2,19,False,93,97,OKC,GSW,2023,red
244,418,3rd Qtr,2:48,False,3,26,False,96,99,OKC,GSW,2023,red
94,293,3rd Qtr,1:03,False,2,7,False,100,104,OKC,GSW,2023,red
307,272,3rd Qtr,0:00,False,3,26,False,102,106,OKC,GSW,2023,red
272,413,4th Qtr,6:18,True,3,28,True,118,115,OKC,GSW,2023,green
290,150,1st Qtr,8:52,True,3,26,True,8,3,SAC,GSW,2023,green
266,408,1st Qtr,8:31,True,3,27,True,11,3,SAC,GSW,2023,green
285,353,1st Qtr,7:20,False,3,26,True,13,5,SAC,GSW,2023,red
58,219,2nd Qtr,2:57,True,2,2,True,48,37,SAC,GSW,2023,green
180,464,2nd Qtr,0:56,False,3,26,True,50,43,SAC,GSW,2023,red
245,72,3rd Qtr,9:01,False,3,26,True,62,51,SAC,GSW,2023,red
80,468,3rd Qtr,8:36,True,3,23,True,65,53,SAC,GSW,2023,green
66,289,3rd Qtr,7:55,True,2,5,True,67,53,SAC,GSW,2023,green
80,281,3rd Qtr,7:20,True,2,5,True,69,55,SAC,GSW,2023,green
69,239,3rd Qtr,5:50,True,2,2,True,75,55,SAC,GSW,2023,green
226,333,3rd Qtr,4:14,False,2,20,True,75,59,SAC,GSW,2023,red
148,359,4th Qtr,9:21,False,2,15,True,91,77,SAC,GSW,2023,red
336,236,4th Qtr,7:53,False,3,29,True,96,79,SAC,GSW,2023,red
63,219,4th Qtr,5:37,True,2,2,True,109,85,SAC,GSW,2023,green
336,353,1st Qtr,9:41,False,3,31,True,13,4,POR,GSW,2023,red
280,357,1st Qtr,6:33,True,3,26,True,26,16,POR,GSW,2023,green
295,38,1st Qtr,5:46,False,3,32,True,28,18,POR,GSW,2023,red
69,273,1st Qtr,5:29,True,2,4,True,30,18,POR,GSW,2023,green
180,458,1st Qtr,3:34,True,3,25,True,41,23,POR,GSW,2023,green
230,298,2nd Qtr,7:02,True,2,19,True,68,36,POR,GSW,2023,green
63,250,2nd Qtr,6:19,False,2,2,True,68,38,POR,GSW,2023,red
41,227,2nd Qtr,3:27,True,2,2,True,78,44,POR,GSW,2023,green
279,72,2nd Qtr,3:02,False,3,28,True,78,46,POR,GSW,2023,red
261,81,2nd Qtr,1:28,True,3,26,True,81,48,POR,GSW,2023,green
273,69,2nd Qtr,1:03,False,3,28,True,81,48,POR,GSW,2023,red
289,362,2nd Qtr,0:32,True,3,27,True,84,50,POR,GSW,2023,green
65,273,3rd Qtr,10:48,True,2,4,True,88,57,POR,GSW,2023,green
130,14,3rd Qtr,10:00,True,3,24,True,92,59,POR,GSW,2023,green
130,15,3rd Qtr,6:27,False,3,24,True,100,64,POR,GSW,2023,red
280,413,1st Qtr,10:54,False,3,29,False,0,2,SAC,GSW,2023,red
68,473,1st Qtr,7:19,True,3,23,True,15,10,SAC,GSW,2023,green
78,464,2nd Qtr,7:59,False,3,23,False,37,38,SAC,GSW,2023,red
221,437,2nd Qtr,5:49,True,3,26,True,45,44,SAC,GSW,2023,green
213,314,2nd Qtr,4:15,True,2,18,True,50,45,SAC,GSW,2023,green
313,327,2nd Qtr,3:48,False,3,28,True,50,47,SAC,GSW,2023,red
297,242,2nd Qtr,1:48,False,3,25,True,55,53,SAC,GSW,2023,red
223,376,2nd Qtr,0:50,True,2,22,True,61,55,SAC,GSW,2023,green
305,268,2nd Qtr,0:32,False,3,26,True,61,55,SAC,GSW,2023,red
68,270,2nd Qtr,0:00,False,2,3,True,61,55,SAC,GSW,2023,red
113,240,3rd Qtr,11:19,True,2,6,True,63,55,SAC,GSW,2023,green
278,137,3rd Qtr,3:07,True,3,25,True,86,76,SAC,GSW,2023,green
310,202,4th Qtr,7:24,True,3,26,True,105,103,SAC,GSW,2023,green
338,239,4th Qtr,6:50,False,3,29,True,105,103,SAC,GSW,2023,red
44,7,4th Qtr,4:03,True,3,23,True,114,112,SAC,GSW,2023,green
268,91,4th Qtr,3:17,False,3,26,False,114,117,SAC,GSW,2023,red
58,257,4th Qtr,2:21,True,2,2,False,118,122,SAC,GSW,2023,green
287,331,4th Qtr,1:19,True,3,25,False,121,123,SAC,GSW,2023,green
68,205,4th Qtr,0:47,True,2,4,False,123,124,SAC,GSW,2023,green
307,287,4th Qtr,0:00,False,3,26,False,123,126,SAC,GSW,2023,red
123,137,1st Qtr,11:09,True,2,13,False,2,2,SAC,GSW,2023,green
72,261,1st Qtr,5:26,False,2,3,True,12,8,SAC,GSW,2023,red
83,471,1st Qtr,4:08,True,3,23,True,17,10,SAC,GSW,2023,green
274,131,1st Qtr,3:49,False,3,25,True,17,10,SAC,GSW,2023,red
273,423,1st Qtr,2:35,False,3,29,True,19,12,SAC,GSW,2023,red
248,408,1st Qtr,2:28,False,3,26,True,19,12,SAC,GSW,2023,red
220,56,2nd Qtr,5:29,True,3,25,False,36,42,SAC,GSW,2023,green
305,256,2nd Qtr,2:42,False,3,26,False,43,50,SAC,GSW,2023,red
269,363,2nd Qtr,1:11,True,3,25,False,52,52,SAC,GSW,2023,green
272,98,2nd Qtr,0:27,False,3,26,False,52,56,SAC,GSW,2023,red
164,104,3rd Qtr,3:28,False,2,18,False,67,79,SAC,GSW,2023,red
54,259,4th Qtr,10:57,True,2,2,False,77,83,SAC,GSW,2023,green
62,260,4th Qtr,10:32,True,2,2,False,79,83,SAC,GSW,2023,green
288,362,4th Qtr,9:55,False,3,27,False,79,85,SAC,GSW,2023,red
57,259,4th Qtr,8:05,True,2,2,False,85,89,SAC,GSW,2023,green
118,343,4th Qtr,6:32,True,2,12,False,90,93,SAC,GSW,2023,green
92,248,4th Qtr,5:32,True,2,4,False,95,95,SAC,GSW,2023,green
312,233,4th Qtr,4:52,False,3,26,False,95,97,SAC,GSW,2023,red
138,465,4th Qtr,2:29,False,3,24,False,101,104,SAC,GSW,2023,red
272,93,4th Qtr,1:12,False,3,27,False,103,112,SAC,GSW,2023,red
323,184,4th Qtr,0:43,False,3,28,False,103,112,SAC,GSW,2023,red
177,369,1st Qtr,10:34,False,2,18,False,0,0,SAC,GSW,2023,red
351,231,1st Qtr,8:39,True,3,30,True,8,4,SAC,GSW,2023,green
248,122,1st Qtr,6:33,False,2,23,True,13,8,SAC,GSW,2023,red
213,28,2nd Qtr,11:48,False,3,27,True,29,20,SAC,GSW,2023,red
247,215,2nd Qtr,11:00,False,2,20,True,29,22,SAC,GSW,2023,red
326,159,2nd Qtr,9:20,True,3,29,True,34,27,SAC,GSW,2023,green
325,257,2nd Qtr,7:08,False,3,28,True,39,30,SAC,GSW,2023,red
116,340,2nd Qtr,4:33,True,2,12,True,41,33,SAC,GSW,2023,green
61,287,2nd Qtr,1:47,True,2,5,True,48,39,SAC,GSW,2023,green
110,136,2nd Qtr,0:54,False,2,12,True,50,39,SAC,GSW,2023,red
318,192,2nd Qtr,0:06,False,3,27,True,50,41,SAC,GSW,2023,red
274,69,2nd Qtr,0:02,True,3,28,True,53,41,SAC,GSW,2023,green
69,280,3rd Qtr,9:48,True,2,4,True,61,47,SAC,GSW,2023,green
75,207,3rd Qtr,7:01,True,2,4,True,63,54,SAC,GSW,2023,green
341,205,3rd Qtr,2:41,True,3,29,True,79,63,SAC,GSW,2023,green
126,257,3rd Qtr,1:37,True,2,8,True,81,64,SAC,GSW,2023,green
90,200,3rd Qtr,1:13,False,2,6,True,82,67,SAC,GSW,2023,red
378,319,3rd Qtr,0:01,False,3,34,True,84,72,SAC,GSW,2023,red
92,295,4th Qtr,10:51,True,2,7,True,90,74,SAC,GSW,2023,green
302,176,4th Qtr,10:27,False,3,26,True,90,77,SAC,GSW,2023,red
274,446,4th Qtr,9:33,True,3,30,True,93,77,SAC,GSW,2023,green
108,219,4th Qtr,8:19,False,2,6,True,95,79,SAC,GSW,2023,red
33,102,4th Qtr,7:09,False,2,14,True,98,81,SAC,GSW,2023,red
239,68,4th Qtr,5:26,False,3,26,True,105,83,SAC,GSW,2023,red
294,92,4th Qtr,3:28,True,3,29,True,110,89,SAC,GSW,2023,green
282,405,1st Qtr,8:45,True,3,28,True,11,9,SAC,GSW,2023,green
120,242,1st Qtr,5:22,True,2,7,True,21,18,SAC,GSW,2023,green
262,156,1st Qtr,3:48,True,2,23,True,28,21,SAC,GSW,2023,green
288,52,1st Qtr,3:34,False,3,30,True,28,21,SAC,GSW,2023,red
75,194,1st Qtr,0:51,False,2,5,True,31,27,SAC,GSW,2023,red
128,243,2nd Qtr,9:52,False,2,8,False,36,40,SAC,GSW,2023,red
348,122,2nd Qtr,0:22,True,3,32,False,65,66,SAC,GSW,2023,green
372,192,2nd Qtr,0:01,False,3,33,False,65,69,SAC,GSW,2023,red
268,96,3rd Qtr,10:49,True,3,26,False,70,72,SAC,GSW,2023,green
336,247,3rd Qtr,9:39,False,3,29,False,72,74,SAC,GSW,2023,red
79,217,3rd Qtr,7:07,True,2,4,True,80,78,SAC,GSW,2023,green
225,448,3rd Qtr,5:46,False,3,27,False,82,83,SAC,GSW,2023,red
80,283,3rd Qtr,4:27,True,2,5,True,89,83,SAC,GSW,2023,green
65,48,4th Qtr,11:26,False,2,19,True,102,94,SAC,GSW,2023,red
84,298,4th Qtr,8:49,True,2,7,True,108,107,SAC,GSW,2023,green
153,33,4th Qtr,8:35,True,2,23,True,110,107,SAC,GSW,2023,green
318,358,4th Qtr,7:25,True,3,29,True,114,109,SAC,GSW,2023,green
278,90,4th Qtr,6:39,False,3,27,True,114,109,SAC,GSW,2023,red
70,194,4th Qtr,5:52,False,2,5,True,114,113,SAC,GSW,2023,red
257,438,4th Qtr,4:10,True,3,29,True,121,117,SAC,GSW,2023,green
257,438,4th Qtr,0:57,False,3,29,True,126,121,SAC,GSW,2023,red
211,249,4th Qtr,0:14,False,2,16,True,126,125,SAC,GSW,2023,red
85,172,1st Qtr,3:23,False,2,8,False,21,28,SAC,GSW,2023,red
316,377,1st Qtr,3:04,True,3,30,False,24,31,SAC,GSW,2023,green
284,113,1st Qtr,0:06,True,3,27,False,33,36,SAC,GSW,2023,green
73,207,2nd Qtr,10:54,True,2,4,False,35,36,SAC,GSW,2023,green
177,124,2nd Qtr,9:48,True,2,17,False,37,39,SAC,GSW,2023,green
213,144,2nd Qtr,8:53,True,2,19,False,39,41,SAC,GSW,2023,green
251,101,2nd Qtr,8:34,False,3,24,False,39,43,SAC,GSW,2023,red
188,32,2nd Qtr,6:32,False,3,25,False,41,47,SAC,GSW,2023,red
333,252,2nd Qtr,0:31,False,3,28,True,60,54,SAC,GSW,2023,red
180,351,2nd Qtr,0:00,False,2,17,True,60,56,SAC,GSW,2023,red
163,472,3rd Qtr,10:45,False,3,26,True,60,58,SAC,GSW,2023,red
164,15,3rd Qtr,8:53,False,3,25,True,66,63,SAC,GSW,2023,red
171,297,3rd Qtr,8:18,True,2,13,True,69,65,SAC,GSW,2023,green
62,219,3rd Qtr,6:22,True,2,2,True,78,70,SAC,GSW,2023,green
216,250,3rd Qtr,4:06,False,2,17,True,83,79,SAC,GSW,2023,red
312,266,3rd Qtr,4:01,False,3,26,True,83,79,SAC,GSW,2023,red
74,217,3rd Qtr,3:15,True,2,3,True,87,81,SAC,GSW,2023,green
80,265,4th Qtr,11:02,False,2,4,True,99,92,SAC,GSW,2023,red
64,263,4th Qtr,9:08,True,2,3,True,105,93,SAC,GSW,2023,green
208,444,4th Qtr,6:34,False,3,26,True,107,103,SAC,GSW,2023,red
54,62,4th Qtr,6:07,False,2,18,True,107,103,SAC,GSW,2023,red
79,132,4th Qtr,5:21,True,2,11,True,109,106,SAC,GSW,2023,green
78,298,4th Qtr,2:10,True,2,6,True,117,112,SAC,GSW,2023,green
309,172,4th Qtr,1:45,False,3,27,True,117,112,SAC,GSW,2023,red
80,245,4th Qtr,0:22,True,2,3,True,121,114,SAC,GSW,2023,green
348,237,1st Qtr,9:08,True,3,30,False,3,8,SAC,GSW,2023,green
144,338,1st Qtr,8:43,True,2,14,False,5,8,SAC,GSW,2023,green
289,408,1st Qtr,1:32,False,3,29,True,22,21,SAC,GSW,2023,red
238,417,2nd Qtr,11:26,False,3,26,False,25,25,SAC,GSW,2023,red
351,190,2nd Qtr,6:37,True,3,31,False,38,43,SAC,GSW,2023,green
77,273,2nd Qtr,5:48,False,2,4,False,38,43,SAC,GSW,2023,red
71,273,2nd Qtr,2:47,False,2,4,False,43,53,SAC,GSW,2023,red
146,351,2nd Qtr,0:04,False,2,15,False,51,58,SAC,GSW,2023,red
271,358,2nd Qtr,0:01,False,3,25,False,51,58,SAC,GSW,2023,red
294,368,3rd Qtr,10:51,False,3,28,False,53,61,SAC,GSW,2023,red
136,259,3rd Qtr,8:32,True,2,9,False,61,67,SAC,GSW,2023,green
238,82,3rd Qtr,6:57,True,3,24,False,66,72,SAC,GSW,2023,green
228,54,3rd Qtr,2:16,False,3,26,False,75,87,SAC,GSW,2023,red
264,405,4th Qtr,11:12,True,3,27,False,83,90,SAC,GSW,2023,green
77,202,4th Qtr,10:31,True,2,5,False,85,93,SAC,GSW,2023,green
239,434,4th Qtr,9:28,True,3,27,False,89,99,SAC,GSW,2023,green
208,142,4th Qtr,8:59,True,2,19,False,91,102,SAC,GSW,2023,green
269,423,4th Qtr,7:51,False,3,29,False,94,104,SAC,GSW,2023,red
84,296,4th Qtr,5:48,False,2,7,False,96,109,SAC,GSW,2023,red
73,217,4th Qtr,4:41,False,2,3,False,96,112,SAC,GSW,2023,red
282,124,4th Qtr,3:57,False,3,26,False,97,114,SAC,GSW,2023,red
277,374,1st Qtr,10:55,False,3,26,False,2,5,SAC,GSW,2023,red
302,207,1st Qtr,9:06,True,3,25,True,10,9,SAC,GSW,2023,green
53,314,1st Qtr,3:49,True,2,7,True,20,15,SAC,GSW,2023,green
62,264,1st Qtr,2:21,True,2,3,True,25,22,SAC,GSW,2023,green
271,368,1st Qtr,1:55,False,3,26,False,25,25,SAC,GSW,2023,red
328,378,1st Qtr,0:56,True,3,31,True,30,28,SAC,GSW,2023,green
64,264,2nd Qtr,10:48,True,2,3,False,32,33,SAC,GSW,2023,green
179,152,2nd Qtr,9:15,False,2,16,False,37,38,SAC,GSW,2023,red
285,172,2nd Qtr,9:07,False,3,24,False,37,38,SAC,GSW,2023,red
295,329,2nd Qtr,5:41,True,3,26,False,45,47,SAC,GSW,2023,green
125,277,2nd Qtr,5:12,True,2,8,False,47,47,SAC,GSW,2023,green
238,434,2nd Qtr,4:43,False,3,27,False,47,50,SAC,GSW,2023,red
303,290,2nd Qtr,3:52,False,3,26,False,49,51,SAC,GSW,2023,red
199,328,2nd Qtr,2:34,False,2,17,False,51,54,SAC,GSW,2023,red
275,142,2nd Qtr,1:00,True,3,25,False,56,58,SAC,GSW,2023,green
259,383,3rd Qtr,11:22,True,3,25,True,59,58,SAC,GSW,2023,green
288,357,3rd Qtr,10:53,False,3,26,False,59,59,SAC,GSW,2023,red
163,187,3rd Qtr,8:35,True,2,12,True,66,62,SAC,GSW,2023,green
58,232,3rd Qtr,8:03,False,2,1,True,67,62,SAC,GSW,2023,red
67,10,3rd Qtr,7:58,False,3,23,True,67,62,SAC,GSW,2023,red
83,240,3rd Qtr,7:50,True,2,3,True,69,62,SAC,GSW,2023,green
68,213,3rd Qtr,7:17,False,2,3,True,69,64,SAC,GSW,2023,red
246,54,3rd Qtr,4:27,False,3,27,True,73,66,SAC,GSW,2023,red
67,223,3rd Qtr,4:00,False,2,2,True,75,66,SAC,GSW,2023,red
162,375,3rd Qtr,2:53,False,2,18,True,78,68,SAC,GSW,2023,red
69,263,3rd Qtr,2:18,True,2,3,True,80,70,SAC,GSW,2023,green
79,224,3rd Qtr,1:46,True,2,3,True,82,73,SAC,GSW,2023,green
305,343,4th Qtr,11:33,False,3,27,True,91,81,SAC,GSW,2023,red
154,151,4th Qtr,10:47,True,2,14,True,93,81,SAC,GSW,2023,green
228,169,4th Qtr,9:59,False,2,19,True,93,81,SAC,GSW,2023,red
75,219,4th Qtr,9:10,True,2,3,True,95,81,SAC,GSW,2023,green
64,227,4th Qtr,8:07,True,2,2,True,97,83,SAC,GSW,2023,green
316,231,4th Qtr,7:46,True,3,27,True,100,83,SAC,GSW,2023,green
256,434,4th Qtr,6:50,False,3,28,True,102,83,SAC,GSW,2023,red
220,148,4th Qtr,6:40,True,2,19,True,104,83,SAC,GSW,2023,green
67,473,4th Qtr,5:56,True,3,23,True,107,85,SAC,GSW,2023,green
276,90,4th Qtr,3:34,False,3,27,True,111,91,SAC,GSW,2023,red
66,245,4th Qtr,2:57,True,2,2,True,115,91,SAC,GSW,2023,green
326,148,1st Qtr,9:55,False,3,29,True,5,2,LAL,GSW,2023,red
235,323,1st Qtr,9:29,True,2,20,True,7,2,LAL,GSW,2023,green
136,237,1st Qtr,2:52,False,2,9,True,21,19,LAL,GSW,2023,red
61,205,1st Qtr,1:58,True,2,4,True,25,23,LAL,GSW,2023,green
226,31,1st Qtr,1:37,True,3,27,True,28,23,LAL,GSW,2023,green
283,52,1st Qtr,0:56,True,3,30,True,31,25,LAL,GSW,2023,green
280,373,1st Qtr,0:34,False,3,27,True,31,27,LAL,GSW,2023,red
74,273,2nd Qtr,11:38,False,2,4,True,31,29,LAL,GSW,2023,red
245,52,2nd Qtr,8:29,False,3,27,False,35,38,LAL,GSW,2023,red
84,468,2nd Qtr,2:54,False,3,23,True,56,53,LAL,GSW,2023,red
187,23,2nd Qtr,2:30,False,3,26,True,56,55,LAL,GSW,2023,red
48,392,3rd Qtr,8:11,False,2,15,False,71,73,LAL,GSW,2023,red
302,175,3rd Qtr,7:01,True,3,26,False,76,78,LAL,GSW,2023,green
203,249,3rd Qtr,4:57,False,2,15,False,76,86,LAL,GSW,2023,red
256,82,4th Qtr,9:38,True,3,26,False,95,99,LAL,GSW,2023,green
178,385,4th Qtr,9:04,False,2,19,False,95,101,LAL,GSW,2023,red
254,90,4th Qtr,7:52,True,3,25,False,98,105,LAL,GSW,2023,green
235,447,4th Qtr,6:48,False,3,28,False,98,108,LAL,GSW,2023,red
61,346,4th Qtr,5:44,True,2,11,False,100,112,LAL,GSW,2023,green
87,198,4th Qtr,4:50,False,2,6,False,104,112,LAL,GSW,2023,red
69,286,4th Qtr,4:32,True,2,5,False,106,112,LAL,GSW,2023,green
228,57,4th Qtr,3:35,False,3,26,False,106,112,LAL,GSW,2023,red
235,442,4th Qtr,1:38,True,3,27,False,112,112,LAL,GSW,2023,green
111,252,4th Qtr,1:08,False,2,6,False,112,114,LAL,GSW,2023,red
277,95,1st Qtr,9:05,True,3,27,True,9,7,LAL,GSW,2023,green
73,303,1st Qtr,1:13,False,2,7,False,22,26,LAL,GSW,2023,red
211,365,1st Qtr,0:20,True,2,20,False,26,31,LAL,GSW,2023,green
305,341,2nd Qtr,11:51,False,3,27,False,26,33,LAL,GSW,2023,red
84,281,2nd Qtr,8:38,True,2,5,True,38,35,LAL,GSW,2023,green
85,199,3rd Qtr,7:15,True,2,5,True,84,66,LAL,GSW,2023,green
228,205,3rd Qtr,3:47,True,2,18,True,94,72,LAL,GSW,2023,green
70,295,3rd Qtr,3:21,False,2,6,True,94,72,LAL,GSW,2023,red
215,438,3rd Qtr,1:07,True,3,26,True,105,78,LAL,GSW,2023,green
28,410,3rd Qtr,0:35,False,2,17,True,106,78,LAL,GSW,2023,red
268,102,4th Qtr,9:43,True,3,26,True,113,82,LAL,GSW,2023,green
247,437,4th Qtr,8:53,False,3,28,True,114,86,LAL,GSW,2023,red
66,271,1st Qtr,10:35,False,2,3,False,0,3,LAL,GSW,2023,red
135,177,1st Qtr,9:53,True,2,11,False,2,6,LAL,GSW,2023,green
271,398,1st Qtr,7:21,True,3,27,False,9,13,LAL,GSW,2023,green
235,422,1st Qtr,5:48,False,3,26,False,12,17,LAL,GSW,2023,red
105,280,1st Qtr,5:19,False,2,7,False,12,17,LAL,GSW,2023,red
99,228,1st Qtr,4:45,True,2,5,False,14,19,LAL,GSW,2023,green
302,130,2nd Qtr,10:53,False,3,27,True,30,26,LAL,GSW,2023,red
302,140,2nd Qtr,9:54,False,3,27,True,30,26,LAL,GSW,2023,red
125,466,2nd Qtr,8:23,True,3,24,True,37,29,LAL,GSW,2023,green
293,333,2nd Qtr,7:07,False,3,26,True,40,31,LAL,GSW,2023,red
91,257,2nd Qtr,5:37,False,2,4,True,40,35,LAL,GSW,2023,red
87,240,2nd Qtr,1:32,True,2,4,False,48,51,LAL,GSW,2023,green
64,252,3rd Qtr,8:38,False,2,2,False,50,65,LAL,GSW,2023,red
173,295,3rd Qtr,7:57,False,2,13,False,50,67,LAL,GSW,2023,red
322,187,3rd Qtr,7:04,True,3,28,False,55,69,LAL,GSW,2023,green
109,231,3rd Qtr,6:22,False,2,6,False,55,71,LAL,GSW,2023,red
60,227,3rd Qtr,5:11,True,2,2,False,61,71,LAL,GSW,2023,green
311,204,3rd Qtr,4:19,True,3,26,False,64,76,LAL,GSW,2023,green
93,236,3rd Qtr,3:35,True,2,4,False,66,76,LAL,GSW,2023,green
324,300,3rd Qtr,2:56,False,3,28,False,66,78,LAL,GSW,2023,red
305,142,4th Qtr,11:12,False,3,27,False,68,90,LAL,GSW,2023,red
237,437,1st Qtr,10:20,True,3,27,False,3,4,LAL,GSW,2023,green
79,9,1st Qtr,7:25,False,3,23,True,11,8,LAL,GSW,2023,red
63,240,2nd Qtr,11:39,True,2,1,True,23,22,LAL,GSW,2023,green
171,159,2nd Qtr,11:06,True,2,15,True,25,24,LAL,GSW,2023,green
63,249,2nd Qtr,9:10,False,2,2,True,31,28,LAL,GSW,2023,red
315,372,2nd Qtr,7:30,False,3,30,True,33,30,LAL,GSW,2023,red
288,393,2nd Qtr,6:22,False,3,28,False,33,35,LAL,GSW,2023,red
67,243,2nd Qtr,3:49,False,2,2,False,38,40,LAL,GSW,2023,red
54,189,2nd Qtr,2:54,True,2,5,False,40,43,LAL,GSW,2023,green
265,398,2nd Qtr,1:34,True,3,27,False,45,45,LAL,GSW,2023,green
78,242,2nd Qtr,1:08,True,2,3,False,47,47,LAL,GSW,2023,green
303,163,3rd Qtr,11:06,False,3,26,True,54,49,LAL,GSW,2023,red
305,152,3rd Qtr,10:57,False,3,27,True,54,49,LAL,GSW,2023,red
313,170,3rd Qtr,9:12,False,3,27,True,57,56,LAL,GSW,2023,red
73,248,3rd Qtr,7:07,True,2,2,True,68,59,LAL,GSW,2023,green
80,225,3rd Qtr,1:41,True,2,3,True,81,75,LAL,GSW,2023,green
54,253,3rd Qtr,1:23,False,2,1,True,81,75,LAL,GSW,2023,red
324,167,3rd Qtr,0:48,False,3,28,True,81,75,LAL,GSW,2023,red
365,350,3rd Qtr,0:01,False,3,33,True,84,77,LAL,GSW,2023,red
229,66,4th Qtr,10:08,False,3,25,False,84,84,LAL,GSW,2023,red
72,244,4th Qtr,9:14,False,2,2,False,84,86,LAL,GSW,2023,red
81,403,4th Qtr,8:42,True,2,17,False,86,86,LAL,GSW,2023,green
302,287,4th Qtr,8:15,True,3,26,True,89,88,LAL,GSW,2023,green
78,210,4th Qtr,7:28,False,2,4,False,90,90,LAL,GSW,2023,red
298,369,4th Qtr,6:20,False,3,28,True,92,90,LAL,GSW,2023,red
108,222,4th Qtr,4:48,False,2,6,False,94,94,LAL,GSW,2023,red
188,161,4th Qtr,4:00,True,2,16,True,96,94,LAL,GSW,2023,green
88,236,4th Qtr,1:05,True,2,4,False,101,102,LAL,GSW,2023,green
221,183,4th Qtr,0:26,False,2,18,False,101,102,LAL,GSW,2023,red
326,139,4th Qtr,0:17,False,3,29,False,101,102,LAL,GSW,2023,red
307,390,1st Qtr,7:30,True,3,30,True,17,5,LAL,GSW,2023,green
144,88,1st Qtr,5:53,False,2,18,True,19,10,LAL,GSW,2023,red
318,213,2nd Qtr,10:52,False,3,27,False,32,34,LAL,GSW,2023,red
118,236,2nd Qtr,10:20,True,2,7,True,36,34,LAL,GSW,2023,green
341,228,2nd Qtr,9:57,False,3,29,False,36,36,LAL,GSW,2023,red
100,273,2nd Qtr,8:38,True,2,6,True,42,41,LAL,GSW,2023,green
323,233,2nd Qtr,8:17,False,3,27,False,42,43,LAL,GSW,2023,red
77,276,2nd Qtr,5:20,True,2,4,True,54,50,LAL,GSW,2023,green
285,49,2nd Qtr,1:37,False,3,30,True,64,57,LAL,GSW,2023,red
331,320,2nd Qtr,0:01,True,3,29,True,70,59,LAL,GSW,2023,green
94,330,3rd Qtr,11:43,True,2,10,True,72,59,LAL,GSW,2023,green
87,288,3rd Qtr,10:15,False,2,6,True,75,59,LAL,GSW,2023,red
82,293,3rd Qtr,6:39,False,2,6,True,83,68,LAL,GSW,2023,red
336,264,3rd Qtr,6:32,False,3,29,True,83,68,LAL,GSW,2023,red
82,293,3rd Qtr,4:48,True,2,6,True,87,73,LAL,GSW,2023,green
83,219,3rd Qtr,4:25,False,2,4,True,87,73,LAL,GSW,2023,red
26,10,3rd Qtr,2:53,False,3,23,True,89,75,LAL,GSW,2023,red
53,207,3rd Qtr,2:31,True,2,3,True,91,75,LAL,GSW,2023,green
228,293,4th Qtr,10:41,True,2,19,True,95,82,LAL,GSW,2023,green
347,257,4th Qtr,10:02,False,3,30,True,95,82,LAL,GSW,2023,red
78,126,4th Qtr,5:09,True,2,12,True,106,95,LAL,GSW,2023,green
72,471,4th Qtr,4:42,True,3,23,True,109,95,LAL,GSW,2023,green
151,127,4th Qtr,3:59,True,2,15,True,111,98,LAL,GSW,2023,green
305,367,4th Qtr,3:19,False,3,28,True,111,100,LAL,GSW,2023,red
266,403,1st Qtr,8:16,False,3,27,False,7,13,LAL,GSW,2023,red
272,388,1st Qtr,7:57,False,3,27,False,7,15,LAL,GSW,2023,red
281,373,1st Qtr,5:08,False,3,27,False,10,24,LAL,GSW,2023,red
224,168,1st Qtr,3:11,False,2,19,False,12,27,LAL,GSW,2023,red
67,262,1st Qtr,2:49,True,2,3,False,14,27,LAL,GSW,2023,green
281,382,1st Qtr,1:23,True,3,27,False,21,31,LAL,GSW,2023,green
69,240,1st Qtr,0:42,True,2,2,False,23,31,LAL,GSW,2023,green
251,417,1st Qtr,0:01,False,3,27,False,26,31,LAL,GSW,2023,red
210,445,2nd Qtr,7:07,False,3,26,False,33,39,LAL,GSW,2023,red
97,217,2nd Qtr,2:04,False,2,5,False,44,53,LAL,GSW,2023,red
180,75,3rd Qtr,11:46,False,2,21,False,46,56,LAL,GSW,2023,red
117,222,3rd Qtr,9:37,True,2,7,False,50,64,LAL,GSW,2023,green
73,244,3rd Qtr,8:39,False,2,2,False,53,66,LAL,GSW,2023,red
278,382,3rd Qtr,7:53,False,3,27,False,53,70,LAL,GSW,2023,red
290,128,3rd Qtr,7:23,True,3,26,False,56,72,LAL,GSW,2023,green
67,228,3rd Qtr,6:44,True,2,2,False,58,72,LAL,GSW,2023,green
138,248,3rd Qtr,5:01,True,2,9,False,63,76,LAL,GSW,2023,green
145,288,3rd Qtr,3:59,False,2,11,False,63,81,LAL,GSW,2023,red
95,241,3rd Qtr,2:59,True,2,5,False,67,83,LAL,GSW,2023,green
65,231,3rd Qtr,1:35,True,2,2,False,72,88,LAL,GSW,2023,green
319,238,3rd Qtr,0:23,False,3,27,False,75,91,LAL,GSW,2023,red
86,238,4th Qtr,9:58,False,2,4,False,80,96,LAL,GSW,2023,red
286,379,4th Qtr,9:49,False,3,27,False,80,96,LAL,GSW,2023,red
185,79,4th Qtr,8:34,False,2,21,False,80,100,LAL,GSW,2023,red
193,19,4th Qtr,8:28,False,3,26,False,80,100,LAL,GSW,2023,red
332,214,4th Qtr,6:23,False,3,28,False,85,108,LAL,GSW,2023,red
310,240,4th Qtr,6:11,True,3,26,False,88,108,LAL,GSW,2023,green
329,283,4th Qtr,4:29,True,3,28,False,94,111,LAL,GSW,2023,green
